province,province_id,district,district_id,sector,sector_id,GlobalID,created_user,created_date,last_edited_user,last_edited_date,OBJECTID,Shape__Area,Shape__Length
Eastern Province,5,Bugesera,57,Gashora,5701,d2e5d46a-ded9-481d-9ea4-12309a39f561,NISR_Publisher,9/3/2024 9:20:26 AM,NISR_Publisher,9/3/2024 9:20:26 AM,1,0.00801469638235375,0.443766618613931
Eastern Province,5,Bugesera,57,Juru,5702,35ef8524-ef60-4d29-9892-fca28d6081aa,NISR_Publisher,9/3/2024 9:20:26 AM,NISR_Publisher,9/3/2024 9:20:26 AM,2,0.00661440535234092,0.507535319292046
Eastern Province,5,Bugesera,57,Kamabuye,5703,83a5ddd5-8ca4-4369-8085-ceeca6730c8c,NISR_Publisher,9/3/2024 9:20:26 AM,NISR_Publisher,9/3/2024 9:20:26 AM,3,0.00830621894272099,0.39464831041198
Eastern Province,5,Bugesera,57,Mareba,5704,a7caae56-a23f-45ee-9748-3c485e61b555,NISR_Publisher,9/3/2024 9:20:26 AM,NISR_Publisher,9/3/2024 9:20:26 AM,4,0.00455160733449844,0.308464921419946
Eastern Province,5,Bugesera,57,Mayange,5705,0e895daf-5492-47bc-9f54-4b3ddbd1da0d,NISR_Publisher,9/3/2024 9:20:26 AM,NISR_Publisher,9/3/2024 9:20:26 AM,5,0.0119789217013775,0.604828556388164
Eastern Province,5,Bugesera,57,Musenyi,5706,9f81c3e2-0358-49c7-9abb-b031046ccbe6,NISR_Publisher,9/3/2024 9:20:26 AM,NISR_Publisher,9/3/2024 9:20:26 AM,6,0.007113743424906,0.429086759159254
Eastern Province,5,Bugesera,57,Mwogo,5707,c8ade616-3b1a-432a-83ce-372dd96b4ea8,NISR_Publisher,9/3/2024 9:20:26 AM,NISR_Publisher,9/3/2024 9:20:26 AM,7,0.00424907580517342,0.387884428669992
Eastern Province,5,Bugesera,57,Ngeruka,5708,8ea9c7d3-d136-4182-b029-cd324a0c37c8,NISR_Publisher,9/3/2024 9:20:26 AM,NISR_Publisher,9/3/2024 9:20:26 AM,8,0.00749387797192469,0.492803729145456
Eastern Province,5,Bugesera,57,Ntarama,5709,a5ea043f-169a-40ca-a1cd-9ef49cfa0edf,NISR_Publisher,9/3/2024 9:20:26 AM,NISR_Publisher,9/3/2024 9:20:26 AM,9,0.00517292031464933,0.424848783467523
Eastern Province,5,Bugesera,57,Nyamata,5710,4ef7aa16-0a25-482b-b918-016da36f631d,NISR_Publisher,9/3/2024 9:20:26 AM,NISR_Publisher,9/3/2024 9:20:26 AM,10,0.00770091399766315,0.444461710453394
Eastern Province,5,Bugesera,57,Nyarugenge,5711,461bf48a-d794-4f14-aeb7-f07b51445dbd,NISR_Publisher,9/3/2024 9:20:26 AM,NISR_Publisher,9/3/2024 9:20:26 AM,11,0.0037638438311518,0.318235859831337
Eastern Province,5,Bugesera,57,Rilima,5712,04da03f1-b673-4100-9833-2bdd6863b7dd,NISR_Publisher,9/3/2024 9:20:26 AM,NISR_Publisher,9/3/2024 9:20:26 AM,12,0.00663802967321914,0.413072605952383
Eastern Province,5,Bugesera,57,Ruhuha,5713,2e10e2a7-6232-4ea5-8420-ffb0bc8d90b0,NISR_Publisher,9/3/2024 9:20:26 AM,NISR_Publisher,9/3/2024 9:20:26 AM,13,0.00349866266711985,0.29417454288182
Eastern Province,5,Bugesera,57,Rweru,5714,1b912c45-aefb-44f9-83c9-50541449e2d1,NISR_Publisher,9/3/2024 9:20:26 AM,NISR_Publisher,9/3/2024 9:20:26 AM,14,0.0175232525158222,0.810588518419786
Eastern Province,5,Bugesera,57,Shyara,5715,879c572e-dde6-4444-bc56-f1f23a846fd1,NISR_Publisher,9/3/2024 9:20:26 AM,NISR_Publisher,9/3/2024 9:20:26 AM,15,0.00256536382283912,0.23146154763366
Northern Province,4,Burera,44,Bungwe,4401,33330d37-5200-46e8-9b26-ce41f2fc72e8,NISR_Publisher,9/3/2024 9:20:26 AM,NISR_Publisher,9/3/2024 9:20:26 AM,16,0.00204998637371645,0.268238475411222
Northern Province,4,Burera,44,Butaro,4402,1b8cb9ae-2646-4425-816a-62a6794977b6,NISR_Publisher,9/3/2024 9:20:26 AM,NISR_Publisher,9/3/2024 9:20:26 AM,17,0.00482270668089058,0.397463197363201
Northern Province,4,Burera,44,Cyanika,4403,a0e121d1-7ed3-4f06-a08b-bacc96c98573,NISR_Publisher,9/3/2024 9:20:26 AM,NISR_Publisher,9/3/2024 9:20:26 AM,18,0.00325287034375066,0.279818015123585
Northern Province,4,Burera,44,Cyeru,4404,a749e98b-8fbe-4c21-a2c8-e6b2db933018,NISR_Publisher,9/3/2024 9:20:26 AM,NISR_Publisher,9/3/2024 9:20:26 AM,19,0.00189130485259881,0.250162245590865
Northern Province,4,Burera,44,Gahunga,4405,76bd61ed-e518-4e8a-b71b-da185c745a5e,NISR_Publisher,9/3/2024 9:20:26 AM,NISR_Publisher,9/3/2024 9:20:26 AM,20,0.0030982172800158,0.31611289994063
Northern Province,4,Burera,44,Gatebe,4406,1a090715-625e-451c-aba2-bb7c3e6fe701,NISR_Publisher,9/3/2024 9:20:26 AM,NISR_Publisher,9/3/2024 9:20:26 AM,21,0.0031787650672932,0.32470569280131
Northern Province,4,Burera,44,Gitovu,4407,5c9f8381-94c7-4378-99c1-f1434f66b13c,NISR_Publisher,9/3/2024 9:20:26 AM,NISR_Publisher,9/3/2024 9:20:26 AM,22,0.00309029777454839,0.28359954970876
Northern Province,4,Burera,44,Kagogo,4408,8e33b1de-daff-4644-a451-601d4b18c30f,NISR_Publisher,9/3/2024 9:20:26 AM,NISR_Publisher,9/3/2024 9:20:26 AM,23,0.00216771224133083,0.233308159619735
Northern Province,4,Burera,44,Kinoni,4409,c7eea88b-1425-4930-ac6a-a8dd52c1bb0a,NISR_Publisher,9/3/2024 9:20:26 AM,NISR_Publisher,9/3/2024 9:20:26 AM,24,0.00247307742510472,0.263041419722574
Northern Province,4,Burera,44,Kinyababa,4410,c9ac7a7a-b6d1-4a75-86d8-d79295a793ba,NISR_Publisher,9/3/2024 9:20:26 AM,NISR_Publisher,9/3/2024 9:20:26 AM,25,0.00433840828762655,0.415749972663885
Northern Province,4,Burera,44,Kivuye,4411,08c449ae-50a5-41c7-8ed5-c47568767926,NISR_Publisher,9/3/2024 9:20:26 AM,NISR_Publisher,9/3/2024 9:20:26 AM,26,0.00299655573621749,0.408342067502347
Northern Province,4,Burera,44,Nemba,4412,8a599d93-22c1-47df-9468-9b6066c758b3,NISR_Publisher,9/3/2024 9:20:26 AM,NISR_Publisher,9/3/2024 9:20:26 AM,27,0.00309798385330851,0.329346527283559
Northern Province,4,Burera,44,Rugarama,4413,4ab79393-234c-4e20-bef3-f01537a486b4,NISR_Publisher,9/3/2024 9:20:26 AM,NISR_Publisher,9/3/2024 9:20:26 AM,28,0.0026750275212386,0.333011184507282
Northern Province,4,Burera,44,Rugengabari,4414,15db7544-c9c5-41f4-bf3d-56aa3732ed2b,NISR_Publisher,9/3/2024 9:20:26 AM,NISR_Publisher,9/3/2024 9:20:26 AM,29,0.00240238053348918,0.260547137518341
Northern Province,4,Burera,44,Ruhunde,4415,2b4cc1c7-874f-44e2-8f82-049c0a2ad6c6,NISR_Publisher,9/3/2024 9:20:26 AM,NISR_Publisher,9/3/2024 9:20:26 AM,30,0.0035153052260668,0.265708172877899
Northern Province,4,Burera,44,Rusarabuye,4416,c334db51-66ba-4291-901d-04015812b21a,NISR_Publisher,9/3/2024 9:20:26 AM,NISR_Publisher,9/3/2024 9:20:26 AM,31,0.00344029742877794,0.310182088463068
Northern Province,4,Burera,44,Rwerere,4417,8fc348e1-f5e6-47b0-8002-1bf949042ecf,NISR_Publisher,9/3/2024 9:20:26 AM,NISR_Publisher,9/3/2024 9:20:26 AM,32,0.00392246908481653,0.307730166098139
Northern Province,4,Gakenke,42,Busengo,4201,772b9e6b-2f49-48bd-b497-1fe7858ef626,NISR_Publisher,9/3/2024 9:20:26 AM,NISR_Publisher,9/3/2024 9:20:26 AM,33,0.00309502973330922,0.368846911411361
Northern Province,4,Gakenke,42,Coko,4202,124199b6-6d44-4130-bf3d-2bd909531679,NISR_Publisher,9/3/2024 9:20:26 AM,NISR_Publisher,9/3/2024 9:20:26 AM,34,0.00451704094431804,0.351132610062946
Northern Province,4,Gakenke,42,Cyabingo,4203,c83f45a1-051d-4c45-a797-e7e84b997067,NISR_Publisher,9/3/2024 9:20:26 AM,NISR_Publisher,9/3/2024 9:20:26 AM,35,0.0019573243683233,0.22058962391356
Northern Province,4,Gakenke,42,Gakenke,4204,4df43fe2-de44-4b10-a68c-724734f6c890,NISR_Publisher,9/3/2024 9:20:26 AM,NISR_Publisher,9/3/2024 9:20:26 AM,36,0.00338528461574583,0.354800586377348
Northern Province,4,Gakenke,42,Gashenyi,4205,fd58decd-2ca0-4127-b8c0-fc6ff743b884,NISR_Publisher,9/3/2024 9:20:26 AM,NISR_Publisher,9/3/2024 9:20:26 AM,37,0.00336554063866856,0.426790740587717
Northern Province,4,Gakenke,42,Janja,4206,e561abeb-40d8-4dbf-b2a1-95c0c2bd4f33,NISR_Publisher,9/3/2024 9:20:26 AM,NISR_Publisher,9/3/2024 9:20:26 AM,38,0.00249254750626804,0.329081096024297
Northern Province,4,Gakenke,42,Kamubuga,4207,b41decea-f698-4ac7-bf80-cd3f5bc90363,NISR_Publisher,9/3/2024 9:20:26 AM,NISR_Publisher,9/3/2024 9:20:26 AM,39,0.00281101155196239,0.308317858821957
Northern Province,4,Gakenke,42,Karambo,4208,4dab04a4-087f-45bc-956d-b387de0c1ffb,NISR_Publisher,9/3/2024 9:20:26 AM,NISR_Publisher,9/3/2024 9:20:26 AM,40,0.00175280130471833,0.202224057460278
Northern Province,4,Gakenke,42,Kivuruga,4209,40d57c62-130c-4768-bd82-32e315ec2ea8,NISR_Publisher,9/3/2024 9:20:26 AM,NISR_Publisher,9/3/2024 9:20:26 AM,41,0.00255002641036839,0.388486798131454
Northern Province,4,Gakenke,42,Mataba,4210,b013244e-ac91-4ead-87df-246c2ec2627f,NISR_Publisher,9/3/2024 9:20:26 AM,NISR_Publisher,9/3/2024 9:20:26 AM,42,0.0026810468658951,0.320284387518744
Northern Province,4,Gakenke,42,Minazi,4211,31f44b1e-97b4-47cc-8561-4679420b9c88,NISR_Publisher,9/3/2024 9:20:26 AM,NISR_Publisher,9/3/2024 9:20:26 AM,43,0.00383885827284658,0.371456047963855
Northern Province,4,Gakenke,42,Mugunga,4212,d5ca0873-f28d-477a-aa52-1170aefab0a9,NISR_Publisher,9/3/2024 9:20:26 AM,NISR_Publisher,9/3/2024 9:20:26 AM,44,0.00237161400626817,0.266143484529724
Northern Province,4,Gakenke,42,Muhondo,4213,1e68a1b2-d404-4689-8a48-5b7165f3ec6e,NISR_Publisher,9/3/2024 9:20:26 AM,NISR_Publisher,9/3/2024 9:20:26 AM,45,0.00443982425134237,0.405904428738457
Northern Province,4,Gakenke,42,Muyongwe,4214,6cd8634a-19cf-4f37-a454-90d23731bd23,NISR_Publisher,9/3/2024 9:20:26 AM,NISR_Publisher,9/3/2024 9:20:26 AM,46,0.00277300403752534,0.310288099689551
Northern Province,4,Gakenke,42,Muzo,4215,10231682-694c-4dfe-b00e-c3c76a950930,NISR_Publisher,9/3/2024 9:20:26 AM,NISR_Publisher,9/3/2024 9:20:26 AM,47,0.0037557265295014,0.352849124618084
Northern Province,4,Gakenke,42,Nemba,4216,cef57b40-4dcd-4d12-b047-b483c6d15d6b,NISR_Publisher,9/3/2024 9:20:26 AM,NISR_Publisher,9/3/2024 9:20:26 AM,48,0.0018167177294508,0.211575924277327
Northern Province,4,Gakenke,42,Ruli,4217,296087fc-59c0-4219-9741-41dc118c1ebd,NISR_Publisher,9/3/2024 9:20:26 AM,NISR_Publisher,9/3/2024 9:20:26 AM,49,0.00385128842081883,0.373588890493805
Northern Province,4,Gakenke,42,Rusasa,4218,07c32006-8b44-4d36-8acd-a4a97be49334,NISR_Publisher,9/3/2024 9:20:26 AM,NISR_Publisher,9/3/2024 9:20:26 AM,50,0.00247199272168075,0.266129803213563
Northern Province,4,Gakenke,42,Rushashi,4219,706ad6d3-745d-4bfa-b539-c378d9bd8bc6,NISR_Publisher,9/3/2024 9:20:26 AM,NISR_Publisher,9/3/2024 9:20:26 AM,51,0.00327407297018922,0.398885724907946
City of Kigali,1,Gasabo,12,Bumbogo,1201,ec3ef093-878a-4041-a45f-0cb279e91908,NISR_Publisher,9/3/2024 9:20:26 AM,NISR_Publisher,9/3/2024 9:20:26 AM,52,0.00493245915613372,0.455304529371346
City of Kigali,1,Gasabo,12,Gatsata,1202,6d4c8758-416a-443f-bf39-7aa311f4922f,NISR_Publisher,9/3/2024 9:20:26 AM,NISR_Publisher,9/3/2024 9:20:26 AM,53,0.00049268816891157,0.132893561014777
City of Kigali,1,Gasabo,12,Gikomero,1203,1fccfb0f-e136-492a-8a58-0479db39209c,NISR_Publisher,9/3/2024 9:20:26 AM,NISR_Publisher,9/3/2024 9:20:26 AM,54,0.00285065668763096,0.257981997047184
City of Kigali,1,Gasabo,12,Gisozi,1204,2cbcb247-69ce-4498-9f93-7da2fe9da6ab,NISR_Publisher,9/3/2024 9:20:26 AM,NISR_Publisher,9/3/2024 9:20:26 AM,55,0.000673769224540877,0.110109456326363
City of Kigali,1,Gasabo,12,Jabana,1205,8ad613c0-2a9e-415f-b972-64df5ca97861,NISR_Publisher,9/3/2024 9:20:26 AM,NISR_Publisher,9/3/2024 9:20:26 AM,56,0.00295682050993307,0.264641721676657
City of Kigali,1,Gasabo,12,Jali,1206,b0eed5eb-40ba-4862-9dbb-b9255ed87f2f,NISR_Publisher,9/3/2024 9:20:26 AM,NISR_Publisher,9/3/2024 9:20:26 AM,57,0.00303873761808404,0.351633898456698
City of Kigali,1,Gasabo,12,Kacyiru,1207,c06e1769-77cd-4e99-b23c-0ce1ae2112da,NISR_Publisher,9/3/2024 9:20:26 AM,NISR_Publisher,9/3/2024 9:20:26 AM,58,0.000471263677294331,0.107952054429468
City of Kigali,1,Gasabo,12,Kimihurura,1208,fccdf44a-e13a-4d63-b64e-f581e1bd2ce1,NISR_Publisher,9/3/2024 9:20:26 AM,NISR_Publisher,9/3/2024 9:20:26 AM,59,0.000411318802477467,0.105767151122413
City of Kigali,1,Gasabo,12,Kimironko,1209,1b35e6be-1841-4400-a7b1-b1bd00c7a0f0,NISR_Publisher,9/3/2024 9:20:26 AM,NISR_Publisher,9/3/2024 9:20:26 AM,60,0.000915494415341556,0.148844535358409
City of Kigali,1,Gasabo,12,Kinyinya,1210,2fa87cb4-1454-45c9-974c-dcff340d2394,NISR_Publisher,9/3/2024 9:20:26 AM,NISR_Publisher,9/3/2024 9:20:26 AM,61,0.00196890051869758,0.221074631675031
City of Kigali,1,Gasabo,12,Ndera,1211,b929c493-add4-459a-b45d-40776863d494,NISR_Publisher,9/3/2024 9:20:26 AM,NISR_Publisher,9/3/2024 9:20:26 AM,62,0.00409511833338172,0.423108064067238
City of Kigali,1,Gasabo,12,Nduba,1212,f09c9228-d34c-442a-854b-e68d6f55ecf1,NISR_Publisher,9/3/2024 9:20:26 AM,NISR_Publisher,9/3/2024 9:20:26 AM,63,0.00378493442577721,0.322835008041891
City of Kigali,1,Gasabo,12,Remera,1213,aa0f7c38-6078-4f81-bceb-2e79c88f061f,NISR_Publisher,9/3/2024 9:20:26 AM,NISR_Publisher,9/3/2024 9:20:26 AM,64,0.000592176664884647,0.173644335615968
City of Kigali,1,Gasabo,12,Rusororo,1214,fecfa667-aa2b-4171-b020-0d8d279233c9,NISR_Publisher,9/3/2024 9:20:26 AM,NISR_Publisher,9/3/2024 9:20:26 AM,65,0.00424438892155621,0.378018553129019
City of Kigali,1,Gasabo,12,Rutunga,1215,2cf1e4a4-32f5-40ad-9d32-a895d012a9c4,NISR_Publisher,9/3/2024 9:20:26 AM,NISR_Publisher,9/3/2024 9:20:26 AM,66,0.00345683607770297,0.293423551681438
Eastern Province,5,Gatsibo,53,Gasange,5301,0a58c25c-46bb-4f90-a3f5-bb64b7f60ff5,NISR_Publisher,9/3/2024 9:20:26 AM,NISR_Publisher,9/3/2024 9:20:26 AM,67,0.00311642174209581,0.323308757007708
Eastern Province,5,Gatsibo,53,Gatsibo,5302,016cba15-6680-4e99-9529-ac71a0febb9e,NISR_Publisher,9/3/2024 9:20:26 AM,NISR_Publisher,9/3/2024 9:20:26 AM,68,0.00498153342958219,0.470260661169063
Eastern Province,5,Gatsibo,53,Gitoki,5303,5c277e6a-19df-41d2-9403-5354a3a3e885,NISR_Publisher,9/3/2024 9:20:26 AM,NISR_Publisher,9/3/2024 9:20:26 AM,69,0.00609107255303343,0.509868747875763
Eastern Province,5,Gatsibo,53,Kabarore,5304,4d82fa1e-18e6-4b15-8a49-3a865418d4c4,NISR_Publisher,9/3/2024 9:20:26 AM,NISR_Publisher,9/3/2024 9:20:26 AM,70,0.0170849251866159,0.759304213035517
Eastern Province,5,Gatsibo,53,Kageyo,5305,82adbd69-58cd-4438-bf71-bdd0fe44794d,NISR_Publisher,9/3/2024 9:20:26 AM,NISR_Publisher,9/3/2024 9:20:26 AM,71,0.00455793820644246,0.405979964872812
Eastern Province,5,Gatsibo,53,Kiramuruzi,5306,50da823f-2010-48fc-b8d7-32dfe1c5d4e6,NISR_Publisher,9/3/2024 9:20:26 AM,NISR_Publisher,9/3/2024 9:20:26 AM,72,0.00491981255906992,0.318232351895926
Eastern Province,5,Gatsibo,53,Kiziguro,5307,d2d1f1fb-fc45-4a52-84ee-d438ba891c8c,NISR_Publisher,9/3/2024 9:20:26 AM,NISR_Publisher,9/3/2024 9:20:26 AM,73,0.00501173228913387,0.38228786407225
Eastern Province,5,Gatsibo,53,Muhura,5308,be3cb41f-1f19-41b3-ad26-73860b19675d,NISR_Publisher,9/3/2024 9:20:26 AM,NISR_Publisher,9/3/2024 9:20:26 AM,74,0.0045220703911184,0.360638123706894
Eastern Province,5,Gatsibo,53,Murambi,5309,b9471d05-1044-445e-9b85-4c39f8bbfbb6,NISR_Publisher,9/3/2024 9:20:26 AM,NISR_Publisher,9/3/2024 9:20:26 AM,75,0.00485679135815786,0.353674232710675
Eastern Province,5,Gatsibo,53,Ngarama,5310,1e57b504-98c4-4361-ba9b-9d384d471e3c,NISR_Publisher,9/3/2024 9:20:26 AM,NISR_Publisher,9/3/2024 9:20:26 AM,76,0.00476106213238126,0.316254412454925
Eastern Province,5,Gatsibo,53,Nyagihanga,5311,e6345d83-24a4-4bd1-bfeb-87516a04d0c4,NISR_Publisher,9/3/2024 9:20:26 AM,NISR_Publisher,9/3/2024 9:20:26 AM,77,0.00583710448365338,0.467533360945356
Eastern Province,5,Gatsibo,53,Remera,5312,3f83ce7c-82cc-4c49-9fe7-d34b9dd0fbc1,NISR_Publisher,9/3/2024 9:20:26 AM,NISR_Publisher,9/3/2024 9:20:26 AM,78,0.00424673675571796,0.376719127707744
Eastern Province,5,Gatsibo,53,Rugarama,5313,a14ded02-6a75-463f-82a1-bc9e9495e396,NISR_Publisher,9/3/2024 9:20:26 AM,NISR_Publisher,9/3/2024 9:20:26 AM,79,0.00612715444358258,0.404543762954561
Eastern Province,5,Gatsibo,53,Rwimbogo,5314,952908ea-5da2-4c18-97f1-cee615673383,NISR_Publisher,9/3/2024 9:20:26 AM,NISR_Publisher,9/3/2024 9:20:26 AM,80,0.0516705435380516,1.35152095866164
Northern Province,4,Gicumbi,45,Bukure,4501,30f11979-43d2-4886-9218-fa4a3c90dde8,NISR_Publisher,9/3/2024 9:20:26 AM,NISR_Publisher,9/3/2024 9:20:26 AM,81,0.00336833195689934,0.264803814538248
Northern Province,4,Gicumbi,45,Bwisige,4502,8ecaba43-433e-42ba-ba66-b927cc980fb8,NISR_Publisher,9/3/2024 9:20:26 AM,NISR_Publisher,9/3/2024 9:20:26 AM,82,0.00382365097521742,0.423931796711803
Northern Province,4,Gicumbi,45,Byumba,4503,14ff1ef6-dccd-4e67-b264-ce9e818e695b,NISR_Publisher,9/3/2024 9:20:26 AM,NISR_Publisher,9/3/2024 9:20:26 AM,83,0.00392722820049585,0.325686948293502
Northern Province,4,Gicumbi,45,Cyumba,4504,3b7b8d57-85b1-4583-905c-5db9fc637fc9,NISR_Publisher,9/3/2024 9:20:26 AM,NISR_Publisher,9/3/2024 9:20:26 AM,84,0.00175172220805919,0.251757576336244
Northern Province,4,Gicumbi,45,Giti,4505,2e38a856-e3f5-477f-921a-97426ee0142f,NISR_Publisher,9/3/2024 9:20:26 AM,NISR_Publisher,9/3/2024 9:20:26 AM,85,0.00296231061957997,0.320766373073214
Northern Province,4,Gicumbi,45,Kageyo,4506,144faa7d-7810-4050-9f89-fe3cf6ea5fb8,NISR_Publisher,9/3/2024 9:20:26 AM,NISR_Publisher,9/3/2024 9:20:26 AM,86,0.00255749023500229,0.24535495362533
Northern Province,4,Gicumbi,45,Kaniga,4507,3773cf3f-a997-4672-836a-bfcd6053ada9,NISR_Publisher,9/3/2024 9:20:26 AM,NISR_Publisher,9/3/2024 9:20:26 AM,87,0.00317617257317337,0.355736910054078
Northern Province,4,Gicumbi,45,Manyagiro,4508,6f8bee79-5ff4-497c-bdf3-a61d2b1f0b22,NISR_Publisher,9/3/2024 9:20:26 AM,NISR_Publisher,9/3/2024 9:20:26 AM,88,0.00240707293251674,0.262669635548204
Northern Province,4,Gicumbi,45,Miyove,4509,674d939c-d02d-497d-80d9-562236c53bb6,NISR_Publisher,9/3/2024 9:20:26 AM,NISR_Publisher,9/3/2024 9:20:26 AM,89,0.00221865878922856,0.341282228255171
Northern Province,4,Gicumbi,45,Mukarange,4510,a4568048-0e66-4732-bbf9-1db7801ff351,NISR_Publisher,9/3/2024 9:20:26 AM,NISR_Publisher,9/3/2024 9:20:26 AM,90,0.00327147869388611,0.392517888400355
Northern Province,4,Gicumbi,45,Muko,4511,f0f660b1-e03d-4cb3-8082-f0ac3c1f746d,NISR_Publisher,9/3/2024 9:20:26 AM,NISR_Publisher,9/3/2024 9:20:26 AM,91,0.00395073672093105,0.319959451392037
Northern Province,4,Gicumbi,45,Mutete,4512,fcb4e076-1c95-41d1-8f7d-6d3e75eec92a,NISR_Publisher,9/3/2024 9:20:26 AM,NISR_Publisher,9/3/2024 9:20:26 AM,92,0.00459288244720213,0.404665472581107
Northern Province,4,Gicumbi,45,Nyamiyaga,4513,c50414c4-92b7-4405-a804-0ede185c9429,NISR_Publisher,9/3/2024 9:20:26 AM,NISR_Publisher,9/3/2024 9:20:26 AM,93,0.00322909339915967,0.338845171009706
Northern Province,4,Gicumbi,45,Nyankenke,4514,f4913fb7-5d93-49a1-a154-176df4fbc63e,NISR_Publisher,9/3/2024 9:20:26 AM,NISR_Publisher,9/3/2024 9:20:26 AM,94,0.00261426992745584,0.229229761792085
Northern Province,4,Gicumbi,45,Rubaya,4515,0f225c83-0c30-4894-ad8b-9ec20a887f25,NISR_Publisher,9/3/2024 9:20:26 AM,NISR_Publisher,9/3/2024 9:20:26 AM,95,0.00140985400379989,0.245851662508385
Northern Province,4,Gicumbi,45,Rukomo,4516,abf67e0d-615e-4213-8174-9f839a430f10,NISR_Publisher,9/3/2024 9:20:26 AM,NISR_Publisher,9/3/2024 9:20:26 AM,96,0.00417601429141357,0.365017209002524
Northern Province,4,Gicumbi,45,Rushaki,4517,c734fc5f-ab37-4665-91d3-c759d3f65b42,NISR_Publisher,9/3/2024 9:20:26 AM,NISR_Publisher,9/3/2024 9:20:26 AM,97,0.0037663895322666,0.423533913875836
Northern Province,4,Gicumbi,45,Rutare,4518,08596c1d-2e92-4d96-97fa-4528bd0b9779,NISR_Publisher,9/3/2024 9:20:26 AM,NISR_Publisher,9/3/2024 9:20:26 AM,98,0.00435798529526821,0.425868050443048
Northern Province,4,Gicumbi,45,Ruvune,4519,4c2db2eb-c7a6-4315-8e26-458eeb816f89,NISR_Publisher,9/3/2024 9:20:26 AM,NISR_Publisher,9/3/2024 9:20:26 AM,99,0.00475558829254652,0.422831058806092
Northern Province,4,Gicumbi,45,Rwamiko,4520,d5600344-0bd6-4b64-9bf2-49fe7bebeb24,NISR_Publisher,9/3/2024 9:20:26 AM,NISR_Publisher,9/3/2024 9:20:26 AM,100,0.00232672327090455,0.277087100185519
Northern Province,4,Gicumbi,45,Shangasha,4521,49b38431-e0cd-4c7b-9cda-1f58c54a4490,NISR_Publisher,9/3/2024 9:20:26 AM,NISR_Publisher,9/3/2024 9:20:26 AM,101,0.00267379689866942,0.274194465228875
Southern Province,2,Gisagara,22,Gikonko,2201,7a94ccf9-2ad1-4ed2-a118-4899198436b7,NISR_Publisher,9/3/2024 9:20:26 AM,NISR_Publisher,9/3/2024 9:20:26 AM,102,0.00400691385284802,0.361332521236224
Southern Province,2,Gisagara,22,Gishubi,2202,6b9c08cd-79c3-4acc-8ab7-bd0718ecb92f,NISR_Publisher,9/3/2024 9:20:26 AM,NISR_Publisher,9/3/2024 9:20:26 AM,103,0.00506300151744199,0.395017746736568
Southern Province,2,Gisagara,22,Kansi,2203,b3d446d0-c195-4e2e-baf3-13fad1cd3460,NISR_Publisher,9/3/2024 9:20:26 AM,NISR_Publisher,9/3/2024 9:20:26 AM,104,0.00342282683408968,0.321696918422542
Southern Province,2,Gisagara,22,Kibirizi,2204,f51f1b27-5d05-4edd-8892-5274becd6736,NISR_Publisher,9/3/2024 9:20:26 AM,NISR_Publisher,9/3/2024 9:20:26 AM,105,0.00323785854310898,0.305406918256179
Southern Province,2,Gisagara,22,Kigembe,2205,a96d9e8e-9c5c-440e-b171-64ea27c4e766,NISR_Publisher,9/3/2024 9:20:26 AM,NISR_Publisher,9/3/2024 9:20:26 AM,106,0.00365853102018576,0.35460457373011
Southern Province,2,Gisagara,22,Mamba,2206,bfe43ce1-2ea8-4ef4-949c-393495f342d9,NISR_Publisher,9/3/2024 9:20:26 AM,NISR_Publisher,9/3/2024 9:20:26 AM,107,0.00649578869212064,0.421085901247138
Southern Province,2,Gisagara,22,Muganza,2207,0af6bdf6-41cc-4e35-b99e-77717bba44dc,NISR_Publisher,9/3/2024 9:20:26 AM,NISR_Publisher,9/3/2024 9:20:26 AM,108,0.00568662632153405,0.39475189133625
Southern Province,2,Gisagara,22,Mugombwa,2208,8235f823-4d49-42a7-8d1d-3ad67ee21571,NISR_Publisher,9/3/2024 9:20:26 AM,NISR_Publisher,9/3/2024 9:20:26 AM,109,0.00403787746733997,0.333859616587673
Southern Province,2,Gisagara,22,Mukindo,2209,43aec3df-5ed9-40fb-a0cc-05d3c78227b4,NISR_Publisher,9/3/2024 9:20:26 AM,NISR_Publisher,9/3/2024 9:20:26 AM,110,0.00414244127213692,0.34815342016327
Southern Province,2,Gisagara,22,Musha,2210,b67ab05c-b410-4e45-bb8d-2f871a901595,NISR_Publisher,9/3/2024 9:20:26 AM,NISR_Publisher,9/3/2024 9:20:26 AM,111,0.004062328181341,0.32439243098934
Southern Province,2,Gisagara,22,Ndora,2211,3eaaebc7-e03e-44da-86b7-5dc486076c2f,NISR_Publisher,9/3/2024 9:20:26 AM,NISR_Publisher,9/3/2024 9:20:26 AM,112,0.00496844421991938,0.409483810939189
Southern Province,2,Gisagara,22,Nyanza,2212,b17acfa5-9b84-46e6-82d4-42e18420f6cd,NISR_Publisher,9/3/2024 9:20:26 AM,NISR_Publisher,9/3/2024 9:20:26 AM,113,0.00317053238449461,0.309881097046191
Southern Province,2,Gisagara,22,Save,2213,31cc2ae7-852b-4b47-ac07-561e61d7334e,NISR_Publisher,9/3/2024 9:20:26 AM,NISR_Publisher,9/3/2024 9:20:26 AM,114,0.00333022008626926,0.323319844722026
Southern Province,2,Huye,24,Gishamvu,2401,8ff7099d-02af-4e05-a280-b49767c5538a,NISR_Publisher,9/3/2024 9:20:26 AM,NISR_Publisher,9/3/2024 9:20:26 AM,115,0.00246782631477771,0.23440244648294
Southern Province,2,Huye,24,Huye,2402,7e762023-b9a3-4d69-8908-d8ccd4d3891c,NISR_Publisher,9/3/2024 9:20:26 AM,NISR_Publisher,9/3/2024 9:20:26 AM,116,0.00288493407276036,0.335408539153576
Southern Province,2,Huye,24,Karama,2403,ab637edf-5884-4a70-a806-064028f9d186,NISR_Publisher,9/3/2024 9:20:26 AM,NISR_Publisher,9/3/2024 9:20:26 AM,117,0.00431848463954054,0.348730765887547
Southern Province,2,Huye,24,Kigoma,2404,31f089ad-3059-4c71-9a5c-ebd23b87cbf9,NISR_Publisher,9/3/2024 9:20:26 AM,NISR_Publisher,9/3/2024 9:20:26 AM,118,0.00415637035266059,0.365470761142604
Southern Province,2,Huye,24,Kinazi,2405,6916a2e9-885b-46d0-8ad6-78b7793e2a80,NISR_Publisher,9/3/2024 9:20:26 AM,NISR_Publisher,9/3/2024 9:20:26 AM,119,0.00490076813014895,0.382111814186067
Southern Province,2,Huye,24,Maraba,2406,d567ee7d-b95d-4583-ba15-4e5289f5bbc1,NISR_Publisher,9/3/2024 9:20:26 AM,NISR_Publisher,9/3/2024 9:20:26 AM,120,0.00428109081013162,0.3593890978353
Southern Province,2,Huye,24,Mbazi,2407,b1bf77cf-b8ee-42a8-a2fe-cf66dbc034ed,NISR_Publisher,9/3/2024 9:20:26 AM,NISR_Publisher,9/3/2024 9:20:26 AM,121,0.00335187225625333,0.334313596288984
Southern Province,2,Huye,24,Mukura,2408,c7ac04ad-8947-4e24-9902-04833c340dab,NISR_Publisher,9/3/2024 9:20:26 AM,NISR_Publisher,9/3/2024 9:20:26 AM,122,0.00228637821821565,0.224893371483907
Southern Province,2,Huye,24,Ngoma,2409,da84d496-ef86-4bd9-a17d-fb94e4929eaf,NISR_Publisher,9/3/2024 9:20:26 AM,NISR_Publisher,9/3/2024 9:20:26 AM,123,0.00167861341191866,0.193192970820372
Southern Province,2,Huye,24,Ruhashya,2410,48d8bcb5-39a4-4a42-9e39-66963683f98c,NISR_Publisher,9/3/2024 9:20:26 AM,NISR_Publisher,9/3/2024 9:20:26 AM,124,0.00338967035650484,0.288119373240047
Southern Province,2,Huye,24,Rusatira,2411,4f76f1ad-db78-40c3-bf20-2ded6b948032,NISR_Publisher,9/3/2024 9:20:26 AM,NISR_Publisher,9/3/2024 9:20:26 AM,125,0.00419744689320112,0.345224035172119
Southern Province,2,Huye,24,Rwaniro,2412,86a709c6-7483-4adb-9d0f-15d3896c1c77,NISR_Publisher,9/3/2024 9:20:26 AM,NISR_Publisher,9/3/2024 9:20:26 AM,126,0.00442279803672108,0.347697365308671
Southern Province,2,Huye,24,Simbi,2413,02e19d40-aae5-43be-a867-0ce0f9882860,NISR_Publisher,9/3/2024 9:20:26 AM,NISR_Publisher,9/3/2024 9:20:26 AM,127,0.00349448819955001,0.285476467107205
Southern Province,2,Huye,24,Tumba,2414,f6538828-b7e6-47b9-8d03-ae94e4dac147,NISR_Publisher,9/3/2024 9:20:26 AM,NISR_Publisher,9/3/2024 9:20:26 AM,128,0.00146056154182617,0.201129167921995
Southern Province,2,Kamonyi,28,Gacurabwenge,2801,4267f3ed-7638-419b-b355-7630337192b0,NISR_Publisher,9/3/2024 9:20:26 AM,NISR_Publisher,9/3/2024 9:20:26 AM,129,0.00414082078701128,0.383502039179403
Southern Province,2,Kamonyi,28,Karama,2802,dde72da1-75cd-4b0b-b942-bfd3ba6f2c85,NISR_Publisher,9/3/2024 9:20:26 AM,NISR_Publisher,9/3/2024 9:20:26 AM,130,0.00306901684701799,0.2864096825444
Southern Province,2,Kamonyi,28,Kayenzi,2803,a65453da-8c03-46f2-a0a0-f0d44f92824a,NISR_Publisher,9/3/2024 9:20:26 AM,NISR_Publisher,9/3/2024 9:20:26 AM,131,0.00418586961043133,0.342557400492652
Southern Province,2,Kamonyi,28,Kayumbu,2804,9f7e7217-2860-4213-8a5c-18abb43b35e2,NISR_Publisher,9/3/2024 9:20:26 AM,NISR_Publisher,9/3/2024 9:20:26 AM,132,0.00271245983999435,0.329293476916164
Southern Province,2,Kamonyi,28,Mugina,2805,2e8591ad-26e1-4078-818f-91d7a7f4979a,NISR_Publisher,9/3/2024 9:20:26 AM,NISR_Publisher,9/3/2024 9:20:26 AM,133,0.00728485374890298,0.465947896859955
Southern Province,2,Kamonyi,28,Musambira,2806,acc186ab-2e36-44f2-9245-e78d1bb75272,NISR_Publisher,9/3/2024 9:20:26 AM,NISR_Publisher,9/3/2024 9:20:26 AM,134,0.00514834405550602,0.379313255045879
Southern Province,2,Kamonyi,28,Ngamba,2807,8ca37785-013a-456b-ae45-1bcc311388c6,NISR_Publisher,9/3/2024 9:20:26 AM,NISR_Publisher,9/3/2024 9:20:26 AM,135,0.002553173132398,0.284511037635155
Southern Province,2,Kamonyi,28,Nyamiyaga,2808,108b45b3-7ecf-4e01-8fa4-3b81c5b0f85c,NISR_Publisher,9/3/2024 9:20:26 AM,NISR_Publisher,9/3/2024 9:20:26 AM,136,0.00631579911402369,0.447219140539716
Southern Province,2,Kamonyi,28,Nyarubaka,2809,60882dc1-e448-4222-83bc-d38bcf87762e,NISR_Publisher,9/3/2024 9:20:26 AM,NISR_Publisher,9/3/2024 9:20:26 AM,137,0.00381580859740183,0.358897880344688
Southern Province,2,Kamonyi,28,Rugarika,2810,5a6ea850-562a-4f8a-8296-88ddf0ae357e,NISR_Publisher,9/3/2024 9:20:26 AM,NISR_Publisher,9/3/2024 9:20:26 AM,138,0.00609982478160376,0.421241046060814
Southern Province,2,Kamonyi,28,Rukoma,2811,7ceaf1ea-a435-4edf-bad9-6c362fef0cbe,NISR_Publisher,9/3/2024 9:20:26 AM,NISR_Publisher,9/3/2024 9:20:26 AM,139,0.00417708123889327,0.294313890585865
Southern Province,2,Kamonyi,28,Runda,2812,647d5a03-2ef2-4bc1-b408-0cd808f03080,NISR_Publisher,9/3/2024 9:20:26 AM,NISR_Publisher,9/3/2024 9:20:26 AM,140,0.00414407350614709,0.390495429552842
Western Province,3,Karongi,31,Bwishyura,3101,23166ce8-d4cf-4754-b622-16fd11b4ca96,NISR_Publisher,9/3/2024 9:20:26 AM,NISR_Publisher,9/3/2024 9:20:26 AM,141,0.00381871704377446,0.781058424862905
Western Province,3,Karongi,31,Gashari,3102,b6bdbad0-25ea-4cdc-9f98-b30e67da0dbf,NISR_Publisher,9/3/2024 9:20:26 AM,NISR_Publisher,9/3/2024 9:20:26 AM,142,0.00444810618581926,0.649869545474681
Western Province,3,Karongi,31,Gishyita,3103,149ee5cf-e33f-4f0c-b784-bea71e6d5ec2,NISR_Publisher,9/3/2024 9:20:26 AM,NISR_Publisher,9/3/2024 9:20:26 AM,143,0.00358786220770924,0.552759963140602
Western Province,3,Karongi,31,Gitesi,3104,8f8d7a36-61ea-4210-afd4-5683ca726bda,NISR_Publisher,9/3/2024 9:20:26 AM,NISR_Publisher,9/3/2024 9:20:26 AM,144,0.00613494874631115,0.546848872180289
Western Province,3,Karongi,31,Mubuga,3105,9b1101ab-a533-4ea2-8606-bd666672e1b2,NISR_Publisher,9/3/2024 9:20:26 AM,NISR_Publisher,9/3/2024 9:20:26 AM,145,0.00302489801962835,0.371862642045828
Western Province,3,Karongi,31,Murambi,3106,eaf0f39c-6f49-4849-a190-89ff598337b7,NISR_Publisher,9/3/2024 9:20:26 AM,NISR_Publisher,9/3/2024 9:20:26 AM,146,0.00409932745114361,0.359011657749115
Western Province,3,Karongi,31,Murundi,3107,1ca30444-e604-4769-a28a-87a525a50583,NISR_Publisher,9/3/2024 9:20:26 AM,NISR_Publisher,9/3/2024 9:20:26 AM,147,0.00537081211435364,0.464642467160493
Western Province,3,Karongi,31,Mutuntu,3108,8690798d-ccf0-436a-b3e8-51f8037f7867,NISR_Publisher,9/3/2024 9:20:26 AM,NISR_Publisher,9/3/2024 9:20:26 AM,148,0.00520617399975976,0.589760186573105
Western Province,3,Karongi,31,Rubengera,3109,44c78ec1-e3b3-46b3-a841-36efd0292c0c,NISR_Publisher,9/3/2024 9:20:26 AM,NISR_Publisher,9/3/2024 9:20:26 AM,149,0.00385075764465626,0.592725868952808
Western Province,3,Karongi,31,Rugabano,3110,5fe7bc5d-9bdd-4892-a975-678e98f6b9b8,NISR_Publisher,9/3/2024 9:20:26 AM,NISR_Publisher,9/3/2024 9:20:26 AM,150,0.00613759739265163,0.59708846324755
Western Province,3,Karongi,31,Ruganda,3111,95eea0cb-d26d-48cf-bdf6-719a7723809c,NISR_Publisher,9/3/2024 9:20:26 AM,NISR_Publisher,9/3/2024 9:20:26 AM,151,0.00481871672121414,0.48564482141075
Western Province,3,Karongi,31,Rwankuba,3112,4079d5c9-9b9d-4548-adb0-3d03948cc362,NISR_Publisher,9/3/2024 9:20:26 AM,NISR_Publisher,9/3/2024 9:20:26 AM,152,0.005655885709416,0.514421635412406
Western Province,3,Karongi,31,Twumba,3113,cf4230b2-d6d2-431c-85d3-8b180334c3d9,NISR_Publisher,9/3/2024 9:20:26 AM,NISR_Publisher,9/3/2024 9:20:26 AM,153,0.00800305502530563,0.625647632555918
Eastern Province,5,Kayonza,54,Gahini,5401,3edb9fa9-2f01-4ba7-a06b-1a0d251db579,NISR_Publisher,9/3/2024 9:20:26 AM,NISR_Publisher,9/3/2024 9:20:26 AM,154,0.0167556436452152,0.890854017427316
Eastern Province,5,Kayonza,54,Kabare,5402,55b54db9-6058-4e56-bcba-c63725bb3da8,NISR_Publisher,9/3/2024 9:20:26 AM,NISR_Publisher,9/3/2024 9:20:26 AM,155,0.00916977559693066,0.61575093746098
Eastern Province,5,Kayonza,54,Kabarondo,5403,423be8c0-f455-49ad-b5c5-a81b7c8af394,NISR_Publisher,9/3/2024 9:20:26 AM,NISR_Publisher,9/3/2024 9:20:26 AM,156,0.00442931007016512,0.33112393536667
Eastern Province,5,Kayonza,54,Mukarange,5404,106dc126-ea2b-4411-a9b1-41898a8f2e54,NISR_Publisher,9/3/2024 9:20:26 AM,NISR_Publisher,9/3/2024 9:20:26 AM,157,0.00438565749320929,0.378780237148818
Eastern Province,5,Kayonza,54,Murama,5405,73c564c4-aacc-4f30-a674-38438f670b0f,NISR_Publisher,9/3/2024 9:20:26 AM,NISR_Publisher,9/3/2024 9:20:26 AM,158,0.00560762894714983,0.372404740028262
Eastern Province,5,Kayonza,54,Murundi,5406,e6daa05b-a467-462a-ba3e-572ac75b3510,NISR_Publisher,9/3/2024 9:20:26 AM,NISR_Publisher,9/3/2024 9:20:26 AM,159,0.0405784524688855,1.35546056142624
Eastern Province,5,Kayonza,54,Mwiri,5407,449d118d-52f7-4f7a-9a32-0669e937296d,NISR_Publisher,9/3/2024 9:20:26 AM,NISR_Publisher,9/3/2024 9:20:26 AM,160,0.0412685593676443,1.12438748978048
Eastern Province,5,Kayonza,54,Ndego,5408,6398e2df-a0e5-4b7a-bfbc-b2e25757d050,NISR_Publisher,9/3/2024 9:20:26 AM,NISR_Publisher,9/3/2024 9:20:26 AM,161,0.014274306153645,0.53712101040564
Eastern Province,5,Kayonza,54,Nyamirama,5409,bfd073ed-2653-4425-bed1-8d9f624a4ebf,NISR_Publisher,9/3/2024 9:20:26 AM,NISR_Publisher,9/3/2024 9:20:26 AM,162,0.0050039321651667,0.491624714177485
Eastern Province,5,Kayonza,54,Rukara,5410,436a66ed-4b0b-43e4-bef2-2e70e85d9cd6,NISR_Publisher,9/3/2024 9:20:26 AM,NISR_Publisher,9/3/2024 9:20:26 AM,163,0.00516440866508461,0.442864203150952
Eastern Province,5,Kayonza,54,Ruramira,5411,b4bdd249-eb74-4f37-aa77-98b13c7be1ad,NISR_Publisher,9/3/2024 9:20:26 AM,NISR_Publisher,9/3/2024 9:20:26 AM,164,0.00337146427271406,0.275244819030865
Eastern Province,5,Kayonza,54,Rwinkwavu,5412,392092dc-4975-4135-8750-a856ae7ae988,NISR_Publisher,9/3/2024 9:20:26 AM,NISR_Publisher,9/3/2024 9:20:26 AM,165,0.00739262874563806,0.504137402773407
City of Kigali,1,Kicukiro,13,Gahanga,1301,87e4f9fc-8abb-420b-a7b1-18ef101e0a69,NISR_Publisher,9/3/2024 9:20:26 AM,NISR_Publisher,9/3/2024 9:20:26 AM,166,0.00298103870852984,0.327768139261547
City of Kigali,1,Kicukiro,13,Gatenga,1302,72764c98-8ee6-456c-ab11-4a98d55ca4e7,NISR_Publisher,9/3/2024 9:20:26 AM,NISR_Publisher,9/3/2024 9:20:26 AM,167,0.00101852355279775,0.18098250438507
City of Kigali,1,Kicukiro,13,Gikondo,1303,dd2834ef-49fb-4e5b-9ca6-1c0d9df968af,NISR_Publisher,9/3/2024 9:20:26 AM,NISR_Publisher,9/3/2024 9:20:26 AM,168,0.000274443796840274,0.114589734693974
City of Kigali,1,Kicukiro,13,Kagarama,1304,05bf7f41-c3a0-4f28-929f-d7c57ea9ddbf,NISR_Publisher,9/3/2024 9:20:26 AM,NISR_Publisher,9/3/2024 9:20:26 AM,169,0.000647588773269092,0.144131410946115
City of Kigali,1,Kicukiro,13,Kanombe,1305,3cdb614e-426a-4f18-b583-6a52f68ac759,NISR_Publisher,9/3/2024 9:20:26 AM,NISR_Publisher,9/3/2024 9:20:26 AM,170,0.00186710905125054,0.242554889651523
City of Kigali,1,Kicukiro,13,Kicukiro,1306,0f7d2093-5394-4252-8934-8b16c66cdb04,NISR_Publisher,9/3/2024 9:20:26 AM,NISR_Publisher,9/3/2024 9:20:26 AM,171,0.000166668791791835,0.0708506966446777
City of Kigali,1,Kicukiro,13,Kigarama,1307,d12cd9f9-610e-489f-bfc9-7ca3cb8c4373,NISR_Publisher,9/3/2024 9:20:26 AM,NISR_Publisher,9/3/2024 9:20:26 AM,172,0.000679732388206844,0.150655743217749
City of Kigali,1,Kicukiro,13,Masaka,1308,02073c0a-704a-4284-a0f2-6e59fbbb5d1c,NISR_Publisher,9/3/2024 9:20:26 AM,NISR_Publisher,9/3/2024 9:20:26 AM,173,0.00428288017420542,0.34517200010105
City of Kigali,1,Kicukiro,13,Niboye,1309,59394c77-e27b-4baa-84bb-622c80a6dec6,NISR_Publisher,9/3/2024 9:20:26 AM,NISR_Publisher,9/3/2024 9:20:26 AM,174,0.000408007127134624,0.105377250502427
City of Kigali,1,Kicukiro,13,Nyarugunga,1310,d192c2e4-2708-4693-90e6-40ee4b61fa72,NISR_Publisher,9/3/2024 9:20:26 AM,NISR_Publisher,9/3/2024 9:20:26 AM,175,0.00125503905044866,0.197123289588826
Eastern Province,5,Kirehe,55,Gahara,5501,ec58169b-d93a-48e2-b4b6-34f677261690,NISR_Publisher,9/3/2024 9:20:26 AM,NISR_Publisher,9/3/2024 9:20:26 AM,176,0.00862531563569036,0.436188498721586
Eastern Province,5,Kirehe,55,Gatore,5502,90621eb8-43bc-49ff-bd97-2a261b179ac6,NISR_Publisher,9/3/2024 9:20:26 AM,NISR_Publisher,9/3/2024 9:20:26 AM,177,0.00521733100482891,0.513471575849132
Eastern Province,5,Kirehe,55,Kigarama,5503,8be1841f-c28c-4953-bb1b-03cf1456f518,NISR_Publisher,9/3/2024 9:20:26 AM,NISR_Publisher,9/3/2024 9:20:26 AM,178,0.00930808242610937,0.62035470078412
Eastern Province,5,Kirehe,55,Kigina,5504,29c9f8cc-c99f-461b-a5d7-9c7cdaef479d,NISR_Publisher,9/3/2024 9:20:26 AM,NISR_Publisher,9/3/2024 9:20:26 AM,179,0.00555695941392997,0.444676300202665
Eastern Province,5,Kirehe,55,Kirehe,5505,5e74dcbe-56f0-4be4-8831-b7290972b49e,NISR_Publisher,9/3/2024 9:20:26 AM,NISR_Publisher,9/3/2024 9:20:26 AM,180,0.00398254463635084,0.318462652492236
Eastern Province,5,Kirehe,55,Mahama,5506,0db53a6c-0b75-497a-8c60-f3e547bfa696,NISR_Publisher,9/3/2024 9:20:26 AM,NISR_Publisher,9/3/2024 9:20:26 AM,181,0.00526427271392294,0.392141617045426
Eastern Province,5,Kirehe,55,Mpanga,5507,31c69b96-346c-4d46-93f2-4010c3c68659,NISR_Publisher,9/3/2024 9:20:26 AM,NISR_Publisher,9/3/2024 9:20:26 AM,182,0.0202107495004995,0.713230043372191
Eastern Province,5,Kirehe,55,Musaza,5508,3f82dd51-cc21-4a0c-9204-7e8ab3c01e5a,NISR_Publisher,9/3/2024 9:20:26 AM,NISR_Publisher,9/3/2024 9:20:26 AM,183,0.00744229969639321,0.454867488325703
Eastern Province,5,Kirehe,55,Mushikiri,5509,e063b986-c590-4bec-8693-d94fdce56710,NISR_Publisher,9/3/2024 9:20:26 AM,NISR_Publisher,9/3/2024 9:20:26 AM,184,0.0077768611115232,0.598422918000774
Eastern Province,5,Kirehe,55,Nasho,5510,bc51716e-2245-4a5b-bc6a-785afeeb6d34,NISR_Publisher,9/3/2024 9:20:26 AM,NISR_Publisher,9/3/2024 9:20:26 AM,185,0.00827082920507038,0.514376660189424
Eastern Province,5,Kirehe,55,Nyamugari,5511,b23c7811-42fc-4ca3-80fd-b4dbba61b64e,NISR_Publisher,9/3/2024 9:20:26 AM,NISR_Publisher,9/3/2024 9:20:26 AM,186,0.0079434074709468,0.470198593612622
Eastern Province,5,Kirehe,55,Nyarubuye,5512,37686dcb-19f1-460f-b726-bb2dae247c3f,NISR_Publisher,9/3/2024 9:20:26 AM,NISR_Publisher,9/3/2024 9:20:26 AM,187,0.00703909206368536,0.562862209466365
Southern Province,2,Muhanga,27,Cyeza,2701,c758597a-3131-4cae-8789-30b9ccdc2230,NISR_Publisher,9/3/2024 9:20:26 AM,NISR_Publisher,9/3/2024 9:20:26 AM,188,0.00464949003911741,0.445216945706066
Southern Province,2,Muhanga,27,Kabacuzi,2702,a20d6e4a-257b-4d66-bb7c-390a4c5cd89f,NISR_Publisher,9/3/2024 9:20:26 AM,NISR_Publisher,9/3/2024 9:20:26 AM,189,0.0061296013213763,0.400451115914143
Southern Province,2,Muhanga,27,Kibangu,2703,b0097f28-1474-427e-9825-00f1b6d6a33f,NISR_Publisher,9/3/2024 9:20:26 AM,NISR_Publisher,9/3/2024 9:20:26 AM,190,0.00389731551426209,0.330279360988842
Southern Province,2,Muhanga,27,Kiyumba,2704,3bde9ec0-97bf-4722-87f3-dd30092b8504,NISR_Publisher,9/3/2024 9:20:26 AM,NISR_Publisher,9/3/2024 9:20:26 AM,191,0.0048477176012689,0.390423335519993
Southern Province,2,Muhanga,27,Muhanga,2705,4dc56a2c-54e8-4e1e-b2a3-86d6577ee22c,NISR_Publisher,9/3/2024 9:20:26 AM,NISR_Publisher,9/3/2024 9:20:26 AM,192,0.00504047275611796,0.401714292457128
Southern Province,2,Muhanga,27,Mushishiro,2706,9374084d-39ba-4406-acfb-8f7ca0644b3a,NISR_Publisher,9/3/2024 9:20:26 AM,NISR_Publisher,9/3/2024 9:20:26 AM,193,0.00431278846877703,0.397024366481253
Southern Province,2,Muhanga,27,Nyabinoni,2707,97b26831-b62c-485a-b461-7ab2361f0fd5,NISR_Publisher,9/3/2024 9:20:26 AM,NISR_Publisher,9/3/2024 9:20:26 AM,194,0.00320439848749743,0.325882729706785
Southern Province,2,Muhanga,27,Nyamabuye,2708,53936ff2-6024-4668-af59-2170a56e1f9c,NISR_Publisher,9/3/2024 9:20:26 AM,NISR_Publisher,9/3/2024 9:20:26 AM,195,0.0024056130816561,0.258734253576892
Southern Province,2,Muhanga,27,Nyarusange,2709,b2223e5e-ed69-4c5d-ab4c-e71a2c3f6c51,NISR_Publisher,9/3/2024 9:20:26 AM,NISR_Publisher,9/3/2024 9:20:26 AM,196,0.0050232923846707,0.501211981083994
Southern Province,2,Muhanga,27,Rongi,2710,65056ed0-317f-4619-bee5-12525d30728d,NISR_Publisher,9/3/2024 9:20:26 AM,NISR_Publisher,9/3/2024 9:20:26 AM,197,0.00662717518378741,0.488351252544017
Southern Province,2,Muhanga,27,Rugendabari,2711,28333dd3-b11b-45b3-9b1c-a3b6bbf5b283,NISR_Publisher,9/3/2024 9:20:26 AM,NISR_Publisher,9/3/2024 9:20:26 AM,198,0.00346669631391094,0.34195958720427
Southern Province,2,Muhanga,27,Shyogwe,2712,fb69bca0-f182-4605-ab9f-d49ee500d3b8,NISR_Publisher,9/3/2024 9:20:26 AM,NISR_Publisher,9/3/2024 9:20:26 AM,199,0.00292100784645299,0.329790829080439
Northern Province,4,Musanze,43,Busogo,4301,4f1fc2ab-c991-4001-94a0-571d8d39d65d,NISR_Publisher,9/3/2024 9:20:26 AM,NISR_Publisher,9/3/2024 9:20:26 AM,200,0.00164867611416497,0.312797937363508
Northern Province,4,Musanze,43,Cyuve,4302,8d42d70d-e17e-463e-a421-ea28c80c8685,NISR_Publisher,9/3/2024 9:20:26 AM,NISR_Publisher,9/3/2024 9:20:26 AM,201,0.0026959929478565,0.293114923868564
Northern Province,4,Musanze,43,Gacaca,4303,b87eb5e1-2945-475c-bf8f-ea9195530264,NISR_Publisher,9/3/2024 9:20:26 AM,NISR_Publisher,9/3/2024 9:20:26 AM,202,0.00279683144774978,0.274766305341689
Northern Province,4,Musanze,43,Gashaki,4304,f7156c1e-db63-4eac-9c77-f07569bb094c,NISR_Publisher,9/3/2024 9:20:26 AM,NISR_Publisher,9/3/2024 9:20:26 AM,203,0.00239049166300376,0.282321818622503
Northern Province,4,Musanze,43,Gataraga,4305,3684f87c-e920-4f1d-8564-2f428afa9ef6,NISR_Publisher,9/3/2024 9:20:26 AM,NISR_Publisher,9/3/2024 9:20:26 AM,204,0.00394714979634614,0.377953668807027
Northern Province,4,Musanze,43,Kimonyi,4306,353391db-3640-4499-9412-32571bae401b,NISR_Publisher,9/3/2024 9:20:26 AM,NISR_Publisher,9/3/2024 9:20:26 AM,205,0.00172140322667147,0.305352361746298
Northern Province,4,Musanze,43,Kinigi,4307,a1fea524-c03d-4b71-abb9-fe1a23e1d1fd,NISR_Publisher,9/3/2024 9:20:26 AM,NISR_Publisher,9/3/2024 9:20:26 AM,206,0.00656294170796556,0.407320479146788
Northern Province,4,Musanze,43,Muhoza,4308,8fb56b2e-2eb7-426d-9d32-79d4016eb8b7,NISR_Publisher,9/3/2024 9:20:26 AM,NISR_Publisher,9/3/2024 9:20:26 AM,207,0.00171749297918922,0.248012166399406
Northern Province,4,Musanze,43,Muko,4309,de0ef8a8-51e7-4e9c-932d-af18cf31b9fd,NISR_Publisher,9/3/2024 9:20:26 AM,NISR_Publisher,9/3/2024 9:20:26 AM,208,0.00163991200523839,0.238440551917812
Northern Province,4,Musanze,43,Musanze,4310,8896d488-55c7-4bd0-a136-e22ccb63b813,NISR_Publisher,9/3/2024 9:20:26 AM,NISR_Publisher,9/3/2024 9:20:26 AM,209,0.00267244109647891,0.308169660698042
Northern Province,4,Musanze,43,Nkotsi,4311,c56bb731-1e75-422b-a149-6f5be2ba93ec,NISR_Publisher,9/3/2024 9:20:26 AM,NISR_Publisher,9/3/2024 9:20:26 AM,210,0.00194359925657395,0.233211727006787
Northern Province,4,Musanze,43,Nyange,4312,84394869-28fc-43da-a099-a6a146f2cb19,NISR_Publisher,9/3/2024 9:20:26 AM,NISR_Publisher,9/3/2024 9:20:26 AM,211,0.00446590014758286,0.359094783185504
Northern Province,4,Musanze,43,Remera,4313,c6f032a3-63d6-4304-9ac0-00488a44cf28,NISR_Publisher,9/3/2024 9:20:26 AM,NISR_Publisher,9/3/2024 9:20:26 AM,212,0.00209404580246542,0.222885598284842
Northern Province,4,Musanze,43,Rwaza,4314,98d2066a-b595-46a2-9104-172aec1af8cf,NISR_Publisher,9/3/2024 9:20:26 AM,NISR_Publisher,9/3/2024 9:20:26 AM,213,0.00224458893185542,0.290406854472588
Northern Province,4,Musanze,43,Shingiro,4315,f0bb5fd9-ed06-411e-b2d4-97632717f20a,NISR_Publisher,9/3/2024 9:20:26 AM,NISR_Publisher,9/3/2024 9:20:26 AM,214,0.00433911573647094,0.370653216321425
Eastern Province,5,Ngoma,56,Gashanda,5601,03bc1890-4032-41af-997b-d55b0ffa03d5,NISR_Publisher,9/3/2024 9:20:26 AM,NISR_Publisher,9/3/2024 9:20:26 AM,215,0.00310610149876567,0.373967709193776
Eastern Province,5,Ngoma,56,Jarama,5602,252a5a01-a5e4-4143-8bca-eea88a0c0f4d,NISR_Publisher,9/3/2024 9:20:26 AM,NISR_Publisher,9/3/2024 9:20:26 AM,216,0.00741585559552504,0.471139261158162
Eastern Province,5,Ngoma,56,Karembo,5603,b3dad06f-0175-4dda-9f35-5cc4f5e73588,NISR_Publisher,9/3/2024 9:20:26 AM,NISR_Publisher,9/3/2024 9:20:26 AM,217,0.00298804690739018,0.284216569343187
Eastern Province,5,Ngoma,56,Kazo,5604,7dcf578a-5b21-48b1-b8a1-1a2fbbf78549,NISR_Publisher,9/3/2024 9:20:26 AM,NISR_Publisher,9/3/2024 9:20:26 AM,218,0.00566287411394484,0.406978391930977
Eastern Province,5,Ngoma,56,Kibungo,5605,446dcc39-deb8-4bc4-a449-94b2f93b2a41,NISR_Publisher,9/3/2024 9:20:26 AM,NISR_Publisher,9/3/2024 9:20:26 AM,219,0.00354508165872502,0.347304146323463
Eastern Province,5,Ngoma,56,Mugesera,5606,afb3d7eb-2f47-4d6b-94ab-091f04195334,NISR_Publisher,9/3/2024 9:20:26 AM,NISR_Publisher,9/3/2024 9:20:26 AM,220,0.00597782408341629,0.362873422980388
Eastern Province,5,Ngoma,56,Murama,5607,7860ebce-48a8-4e86-82d5-1e679eaf7b01,NISR_Publisher,9/3/2024 9:20:26 AM,NISR_Publisher,9/3/2024 9:20:26 AM,221,0.00412640167746758,0.397415462858051
Eastern Province,5,Ngoma,56,Mutenderi,5608,b5da4546-4781-4e43-b548-bee1f432addd,NISR_Publisher,9/3/2024 9:20:26 AM,NISR_Publisher,9/3/2024 9:20:26 AM,222,0.00620701794416334,0.469553820693911
Eastern Province,5,Ngoma,56,Remera,5609,cc9425d6-d6e5-4790-8d79-f5a6ee123a93,NISR_Publisher,9/3/2024 9:20:26 AM,NISR_Publisher,9/3/2024 9:20:26 AM,223,0.00411642367504683,0.398180230494286
Eastern Province,5,Ngoma,56,Rukira,5610,5955eb21-54d0-42de-8c28-3b263b0db600,NISR_Publisher,9/3/2024 9:20:26 AM,NISR_Publisher,9/3/2024 9:20:26 AM,224,0.00553790867595438,0.405348574931747
Eastern Province,5,Ngoma,56,Rukumberi,5611,91a205e0-75b4-44f7-a731-f16d6942b1ae,NISR_Publisher,9/3/2024 9:20:26 AM,NISR_Publisher,9/3/2024 9:20:26 AM,225,0.00701048672402749,0.496170260883301
Eastern Province,5,Ngoma,56,Rurenge,5612,35d99d27-5f6a-4ccb-b2d8-154875ffa184,NISR_Publisher,9/3/2024 9:20:26 AM,NISR_Publisher,9/3/2024 9:20:26 AM,226,0.00527996841958966,0.384364049035556
Eastern Province,5,Ngoma,56,Sake,5613,b18bcfd1-29b3-4fd3-a811-76053ce99d86,NISR_Publisher,9/3/2024 9:20:26 AM,NISR_Publisher,9/3/2024 9:20:26 AM,227,0.00464520591232542,0.340895775277965
Eastern Province,5,Ngoma,56,Zaza,5614,e6e2054d-818c-4c5d-90c7-6bcf6be0cb5e,NISR_Publisher,9/3/2024 9:20:26 AM,NISR_Publisher,9/3/2024 9:20:26 AM,228,0.00498424989640256,0.46525913001497
Western Province,3,Ngororero,35,Bwira,3501,07198327-e259-4103-9f73-792a685f7bfb,NISR_Publisher,9/3/2024 9:20:26 AM,NISR_Publisher,9/3/2024 9:20:26 AM,229,0.00310707191435,0.388517444069212
Western Province,3,Ngororero,35,Gatumba,3502,484325fb-0aae-4752-837f-7955393ce1fb,NISR_Publisher,9/3/2024 9:20:26 AM,NISR_Publisher,9/3/2024 9:20:26 AM,230,0.0035362507563228,0.304644103946061
Western Province,3,Ngororero,35,Hindiro,3503,ed9ff488-354c-4b85-86c9-e0417f0716a8,NISR_Publisher,9/3/2024 9:20:26 AM,NISR_Publisher,9/3/2024 9:20:26 AM,231,0.00286546934497167,0.34674375647557
Western Province,3,Ngororero,35,Kabaya,3504,53c28fe8-de15-4e02-9e3a-ca04c8f9a398,NISR_Publisher,9/3/2024 9:20:26 AM,NISR_Publisher,9/3/2024 9:20:26 AM,232,0.00397140238127491,0.407349262251257
Western Province,3,Ngororero,35,Kageyo,3505,8501fa4d-eacf-4148-a27a-3eae08559b1f,NISR_Publisher,9/3/2024 9:20:26 AM,NISR_Publisher,9/3/2024 9:20:26 AM,233,0.00377153813611031,0.471675988545801
Western Province,3,Ngororero,35,Kavumu,3506,597472e1-04e1-433f-aa8a-4c0ec5ab5201,NISR_Publisher,9/3/2024 9:20:26 AM,NISR_Publisher,9/3/2024 9:20:26 AM,234,0.0046013249868686,0.479615240930336
Western Province,3,Ngororero,35,Matyazo,3507,a655a4ae-d220-4dcb-bcdd-fd0a00213a2f,NISR_Publisher,9/3/2024 9:20:26 AM,NISR_Publisher,9/3/2024 9:20:26 AM,235,0.00334045528641269,0.355869572514051
Western Province,3,Ngororero,35,Muhanda,3508,48befc01-3c7f-4447-b2e2-e2ec3569058d,NISR_Publisher,9/3/2024 9:20:26 AM,NISR_Publisher,9/3/2024 9:20:26 AM,236,0.00801943725869592,0.513436103098632
Western Province,3,Ngororero,35,Muhororo,3509,d50569e0-9639-4a60-8cb7-2092e7686c73,NISR_Publisher,9/3/2024 9:20:26 AM,NISR_Publisher,9/3/2024 9:20:26 AM,237,0.00302614209907404,0.328134220703163
Western Province,3,Ngororero,35,Ndaro,3510,41b8adb7-7361-457e-b59d-96e570995163,NISR_Publisher,9/3/2024 9:20:26 AM,NISR_Publisher,9/3/2024 9:20:26 AM,238,0.00456906766230958,0.390826668895943
Western Province,3,Ngororero,35,Ngororero,3511,19a58ea4-87f8-4f71-a3b1-a60fb1cc989e,NISR_Publisher,9/3/2024 9:20:26 AM,NISR_Publisher,9/3/2024 9:20:26 AM,239,0.00476207499682957,0.530711129590131
Western Province,3,Ngororero,35,Nyange,3512,389d7715-dc6b-48d0-bb74-89bbd12bb850,NISR_Publisher,9/3/2024 9:20:26 AM,NISR_Publisher,9/3/2024 9:20:26 AM,240,0.0044247792419938,0.402910941912736
Western Province,3,Ngororero,35,Sovu,3513,3dade4b0-c8bf-4dfc-9cd0-0733e73a5690,NISR_Publisher,9/3/2024 9:20:26 AM,NISR_Publisher,9/3/2024 9:20:26 AM,241,0.00444839575781586,0.423977232881454
Western Province,3,Nyabihu,34,Bigogwe,3401,c99321d1-d22d-42a7-83e8-de3f58265d57,NISR_Publisher,9/3/2024 9:20:26 AM,NISR_Publisher,9/3/2024 9:20:26 AM,242,0.00465426846784212,0.63843375142906
Western Province,3,Nyabihu,34,Jenda,3402,6956950d-a4ac-4170-9111-d1a011a51f4e,NISR_Publisher,9/3/2024 9:20:26 AM,NISR_Publisher,9/3/2024 9:20:26 AM,243,0.00371081198096235,0.42550406985666
Western Province,3,Nyabihu,34,Jomba,3403,20f9ebf6-9b6f-440e-839f-70a2da0c6bec,NISR_Publisher,9/3/2024 9:20:26 AM,NISR_Publisher,9/3/2024 9:20:26 AM,244,0.00284542099498708,0.292325016023628
Western Province,3,Nyabihu,34,Kabatwa,3404,7172e384-f630-4a87-bccd-be5bd42512d9,NISR_Publisher,9/3/2024 9:20:26 AM,NISR_Publisher,9/3/2024 9:20:26 AM,245,0.00422490868899672,0.351407716687509
Western Province,3,Nyabihu,34,Karago,3405,44ef9002-7fe3-40d1-a6da-f421eaa9c763,NISR_Publisher,9/3/2024 9:20:26 AM,NISR_Publisher,9/3/2024 9:20:26 AM,246,0.00312047840530738,0.350171968529053
Western Province,3,Nyabihu,34,Kintobo,3406,827abf9c-c154-4c46-96d0-6430891d74c2,NISR_Publisher,9/3/2024 9:20:26 AM,NISR_Publisher,9/3/2024 9:20:26 AM,247,0.00225806198119116,0.277058917231097
Western Province,3,Nyabihu,34,Mukamira,3407,148c35c0-d480-4f99-ab16-a7f766f63505,NISR_Publisher,9/3/2024 9:20:26 AM,NISR_Publisher,9/3/2024 9:20:26 AM,248,0.00284344430245653,0.305637973104103
Western Province,3,Nyabihu,34,Muringa,3408,d6a600e2-6989-4db1-8548-34c72741f0e5,NISR_Publisher,9/3/2024 9:20:26 AM,NISR_Publisher,9/3/2024 9:20:26 AM,249,0.00611519171818742,0.454913516401685
Western Province,3,Nyabihu,34,Rambura,3409,bd80c23f-4d77-4319-a297-2fa0c94cdf15,NISR_Publisher,9/3/2024 9:20:26 AM,NISR_Publisher,9/3/2024 9:20:26 AM,250,0.00514097813557512,0.469592787871248
Western Province,3,Nyabihu,34,Rugera,3410,f29be964-30a9-4f14-95c8-1b47e8340ff4,NISR_Publisher,9/3/2024 9:20:26 AM,NISR_Publisher,9/3/2024 9:20:26 AM,251,0.00337729465272218,0.355600429144969
Western Province,3,Nyabihu,34,Rurembo,3411,aa38fc38-1604-4d89-bf7e-b0863783de19,NISR_Publisher,9/3/2024 9:20:26 AM,NISR_Publisher,9/3/2024 9:20:26 AM,252,0.00319340694213111,0.384459188367559
Western Province,3,Nyabihu,34,Shyira,3412,d41bc592-928c-4bf0-ad6f-42fe0d77e034,NISR_Publisher,9/3/2024 9:20:26 AM,NISR_Publisher,9/3/2024 9:20:26 AM,253,0.00274103580308349,0.299969334290109
Eastern Province,5,Nyagatare,52,Gatunda,5201,20b1f7e6-a533-4c8a-8d56-f43f216c3d8e,NISR_Publisher,9/3/2024 9:20:26 AM,NISR_Publisher,9/3/2024 9:20:26 AM,254,0.00425255993260265,0.424809235246433
Eastern Province,5,Nyagatare,52,Karama,5202,bc0bc470-7e93-4ffd-b4b2-5a1c6fd6541c,NISR_Publisher,9/3/2024 9:20:26 AM,NISR_Publisher,9/3/2024 9:20:26 AM,255,0.00433553223970051,0.347078957798533
Eastern Province,5,Nyagatare,52,Karangazi,5203,2d137591-cb84-478e-99e6-cb1f230341bc,NISR_Publisher,9/3/2024 9:20:26 AM,NISR_Publisher,9/3/2024 9:20:26 AM,256,0.0452526355535561,1.32622908002789
Eastern Province,5,Nyagatare,52,Katabagemu,5204,31501b29-c7e4-4c1a-938d-1c1c42603f24,NISR_Publisher,9/3/2024 9:20:26 AM,NISR_Publisher,9/3/2024 9:20:26 AM,257,0.0079927429207487,0.431698053303926
Eastern Province,5,Nyagatare,52,Kiyombe,5205,46b70f96-3ae8-48e0-94e1-e2c3f6449455,NISR_Publisher,9/3/2024 9:20:26 AM,NISR_Publisher,9/3/2024 9:20:26 AM,258,0.00573550234297215,0.512223637865428
Eastern Province,5,Nyagatare,52,Matimba,5206,10c6cde2-c822-4a3c-a99b-d78fe18d7346,NISR_Publisher,9/3/2024 9:20:26 AM,NISR_Publisher,9/3/2024 9:20:26 AM,259,0.00641167946654164,0.493955246582182
Eastern Province,5,Nyagatare,52,Mimuri,5207,31a9a358-e204-44ad-8c16-c29e5856999d,NISR_Publisher,9/3/2024 9:20:26 AM,NISR_Publisher,9/3/2024 9:20:26 AM,260,0.00387694341938527,0.363937371682143
Eastern Province,5,Nyagatare,52,Mukama,5208,9d7e40e6-c1fc-48b3-9b8a-0c4da545d18d,NISR_Publisher,9/3/2024 9:20:26 AM,NISR_Publisher,9/3/2024 9:20:26 AM,261,0.00521453205888989,0.590618789038408
Eastern Province,5,Nyagatare,52,Musheri,5209,69cbb6c7-d888-4679-b122-929a62051f17,NISR_Publisher,9/3/2024 9:20:26 AM,NISR_Publisher,9/3/2024 9:20:26 AM,262,0.00783588950483605,0.441097112384487
Eastern Province,5,Nyagatare,52,Nyagatare,5210,173d4d08-1850-4836-88b9-c13621e7658f,NISR_Publisher,9/3/2024 9:20:26 AM,NISR_Publisher,9/3/2024 9:20:26 AM,263,0.0133048888141083,0.834371430951809
Eastern Province,5,Nyagatare,52,Rukomo,5211,dcc069ea-05c0-46d4-af6f-945a06a3caf0,NISR_Publisher,9/3/2024 9:20:26 AM,NISR_Publisher,9/3/2024 9:20:26 AM,264,0.00475775571147707,0.409912441517092
Eastern Province,5,Nyagatare,52,Rwempasha,5212,1f40499d-4e50-4604-9df3-17af7e658cb3,NISR_Publisher,9/3/2024 9:20:26 AM,NISR_Publisher,9/3/2024 9:20:26 AM,265,0.0136894986077891,0.727250075690491
Eastern Province,5,Nyagatare,52,Rwimiyaga,5213,63d21688-e36a-4e94-bbfb-bd39790a9b29,NISR_Publisher,9/3/2024 9:20:26 AM,NISR_Publisher,9/3/2024 9:20:26 AM,266,0.0252542053688956,0.792676207372848
Eastern Province,5,Nyagatare,52,Tabagwe,5214,a41c1b02-1950-4a6f-bc7f-9382f5f7081b,NISR_Publisher,9/3/2024 9:20:26 AM,NISR_Publisher,9/3/2024 9:20:26 AM,267,0.00864708040285223,0.535583505637679
Southern Province,2,Nyamagabe,25,Buruhukiro,2501,48239af6-2e43-4775-b2a4-d21c59eb5bd1,NISR_Publisher,9/3/2024 9:20:26 AM,NISR_Publisher,9/3/2024 9:20:26 AM,268,0.0127443833934109,0.686894139868776
Southern Province,2,Nyamagabe,25,Cyanika,2502,512a79ab-159c-413b-8584-b2b3bacb464a,NISR_Publisher,9/3/2024 9:20:26 AM,NISR_Publisher,9/3/2024 9:20:26 AM,269,0.00437041886607403,0.316839389877668
Southern Province,2,Nyamagabe,25,Gasaka,2503,26a31584-0203-4731-aa7e-45076e53c496,NISR_Publisher,9/3/2024 9:20:26 AM,NISR_Publisher,9/3/2024 9:20:26 AM,270,0.00329262247284134,0.373636301297456
Southern Province,2,Nyamagabe,25,Gatare,2504,c9b64fb6-cf82-4f8a-b101-d9eb538d24d8,NISR_Publisher,9/3/2024 9:20:26 AM,NISR_Publisher,9/3/2024 9:20:26 AM,271,0.0052233725159212,0.465139484718272
Southern Province,2,Nyamagabe,25,Kaduha,2505,63c83039-757e-468a-bb19-8438ff5f6fa4,NISR_Publisher,9/3/2024 9:20:26 AM,NISR_Publisher,9/3/2024 9:20:26 AM,272,0.00608657595429207,0.594368256921264
Southern Province,2,Nyamagabe,25,Kamegeri,2506,7f7bbc73-5216-4f9e-8b7e-037a3e1bc4bc,NISR_Publisher,9/3/2024 9:20:26 AM,NISR_Publisher,9/3/2024 9:20:26 AM,273,0.00264069455919724,0.284312249660879
Southern Province,2,Nyamagabe,25,Kibirizi,2507,fc6d97cf-f70e-4c90-9cba-d1575607b225,NISR_Publisher,9/3/2024 9:20:26 AM,NISR_Publisher,9/3/2024 9:20:26 AM,274,0.00400522231322498,0.486971084220114
Southern Province,2,Nyamagabe,25,Kibumbwe,2508,c6f29378-2fcb-4869-ab72-ce68c72dc267,NISR_Publisher,9/3/2024 9:20:26 AM,NISR_Publisher,9/3/2024 9:20:26 AM,275,0.003978458318322,0.377147200552707
Southern Province,2,Nyamagabe,25,Kitabi,2509,2a806562-08d4-445f-8bb4-a2877c289f64,NISR_Publisher,9/3/2024 9:20:26 AM,NISR_Publisher,9/3/2024 9:20:26 AM,276,0.00781071405086919,0.710015424803812
Southern Province,2,Nyamagabe,25,Mbazi,2510,dd7f2424-fe22-4075-aea2-f28df5bf4521,NISR_Publisher,9/3/2024 9:20:26 AM,NISR_Publisher,9/3/2024 9:20:26 AM,277,0.0027131437095278,0.341012613679089
Southern Province,2,Nyamagabe,25,Mugano,2511,d5a3a34a-470c-4fb3-a663-747126789a48,NISR_Publisher,9/3/2024 9:20:26 AM,NISR_Publisher,9/3/2024 9:20:26 AM,278,0.00602758268804848,0.435000529318743
Southern Province,2,Nyamagabe,25,Musange,2512,ed672188-fd02-4127-a359-e7ec1a3eadb1,NISR_Publisher,9/3/2024 9:20:26 AM,NISR_Publisher,9/3/2024 9:20:26 AM,279,0.00512136453699696,0.462956007786024
Southern Province,2,Nyamagabe,25,Musebeya,2513,4b2361db-016f-48f4-bbb7-0d5981c77bfb,NISR_Publisher,9/3/2024 9:20:26 AM,NISR_Publisher,9/3/2024 9:20:26 AM,280,0.00430312551893763,0.407273790082927
Southern Province,2,Nyamagabe,25,Mushubi,2514,30e5456d-5925-416c-b305-ff02bc2b14c2,NISR_Publisher,9/3/2024 9:20:26 AM,NISR_Publisher,9/3/2024 9:20:26 AM,281,0.00295086448338822,0.285191860050311
Southern Province,2,Nyamagabe,25,Nkomane,2515,8e23f4a9-7e51-4fc8-ab4f-b038aae59833,NISR_Publisher,9/3/2024 9:20:26 AM,NISR_Publisher,9/3/2024 9:20:26 AM,282,0.00642031261201481,0.457696652033895
Southern Province,2,Nyamagabe,25,Tare,2516,0ab7e939-4b56-4023-8997-d1d0d804ddef,NISR_Publisher,9/3/2024 9:20:26 AM,NISR_Publisher,9/3/2024 9:20:26 AM,283,0.00362121939177484,0.333521931317736
Southern Province,2,Nyamagabe,25,Uwinkingi,2517,34139320-df35-48d3-9887-de063ad1d20a,NISR_Publisher,9/3/2024 9:20:26 AM,NISR_Publisher,9/3/2024 9:20:26 AM,284,0.00739242262104511,0.68421110119057
Western Province,3,Nyamasheke,37,Bushekeri,3701,7695384c-5a02-4d19-92ef-9985b3008b50,NISR_Publisher,9/3/2024 9:20:26 AM,NISR_Publisher,9/3/2024 9:20:26 AM,285,0.0104372050720301,0.728133190464681
Western Province,3,Nyamasheke,37,Bushenge,3702,fcd8c53f-2d02-4015-a434-9631e931ff7a,NISR_Publisher,9/3/2024 9:20:26 AM,NISR_Publisher,9/3/2024 9:20:26 AM,286,0.0025979788070245,0.317510022202059
Western Province,3,Nyamasheke,37,Cyato,3703,145ff6ec-85b6-4eb6-b90e-fe37f2e90485,NISR_Publisher,9/3/2024 9:20:26 AM,NISR_Publisher,9/3/2024 9:20:26 AM,287,0.0125996330243012,0.709080136885513
Western Province,3,Nyamasheke,37,Gihombo,3704,ff077639-cb86-4492-ba4e-189e48571566,NISR_Publisher,9/3/2024 9:20:26 AM,NISR_Publisher,9/3/2024 9:20:26 AM,288,0.004650803715748,0.650924782954948
Western Province,3,Nyamasheke,37,Kagano,3705,c8d5d5ef-eb7d-4cfe-9fbb-4e4d88e31e9b,NISR_Publisher,9/3/2024 9:20:26 AM,NISR_Publisher,9/3/2024 9:20:26 AM,289,0.0036419991037846,0.570354946362353
Western Province,3,Nyamasheke,37,Kanjongo,3706,4303295e-9b3e-4775-b278-f8e8976e46b3,NISR_Publisher,9/3/2024 9:20:26 AM,NISR_Publisher,9/3/2024 9:20:26 AM,290,0.0039871946704011,0.53968304236301
Western Province,3,Nyamasheke,37,Karambi,3707,bcf76e97-9249-4189-82b4-b033544b35bc,NISR_Publisher,9/3/2024 9:20:26 AM,NISR_Publisher,9/3/2024 9:20:26 AM,291,0.00712723102635948,0.542366619111858
Western Province,3,Nyamasheke,37,Karengera,3708,bc69f64e-ce11-450d-b41b-a3174e725b16,NISR_Publisher,9/3/2024 9:20:26 AM,NISR_Publisher,9/3/2024 9:20:26 AM,292,0.00458567930795084,0.523656048407866
Western Province,3,Nyamasheke,37,Kirimbi,3709,116200ba-5393-4790-94ba-491c2ced6b54,NISR_Publisher,9/3/2024 9:20:26 AM,NISR_Publisher,9/3/2024 9:20:26 AM,293,0.00363217843703012,0.605828176533395
Western Province,3,Nyamasheke,37,Macuba,3710,b45cbff8-83e8-483c-b575-d969e916b360,NISR_Publisher,9/3/2024 9:20:26 AM,NISR_Publisher,9/3/2024 9:20:26 AM,294,0.00417974943208321,0.667497841096299
Western Province,3,Nyamasheke,37,Mahembe,3711,3e818a5b-b81c-4175-a7fd-998097ad6277,NISR_Publisher,9/3/2024 9:20:26 AM,NISR_Publisher,9/3/2024 9:20:26 AM,295,0.00402632584115992,0.439450686568526
Western Province,3,Nyamasheke,37,Nyabitekeri,3712,80939293-4ccc-4ac3-8700-a26451cbc4cc,NISR_Publisher,9/3/2024 9:20:26 AM,NISR_Publisher,9/3/2024 9:20:26 AM,296,0.00259133477195661,0.345838588378272
Western Province,3,Nyamasheke,37,Rangiro,3713,1831bb52-4084-4d11-a936-ae1c71e8dbfd,NISR_Publisher,9/3/2024 9:20:26 AM,NISR_Publisher,9/3/2024 9:20:26 AM,297,0.00525730038140182,0.607583378923247
Western Province,3,Nyamasheke,37,Ruharambuga,3714,57b69d79-145e-4b31-869c-18b7180a1411,NISR_Publisher,9/3/2024 9:20:26 AM,NISR_Publisher,9/3/2024 9:20:26 AM,298,0.00500092800453444,0.436149229237793
Western Province,3,Nyamasheke,37,Shangi,3715,dccfa7fd-57d3-4001-87ac-68222d9afa0e,NISR_Publisher,9/3/2024 9:20:26 AM,NISR_Publisher,9/3/2024 9:20:26 AM,299,0.00281725389921661,0.315284392760123
Southern Province,2,Nyanza,21,Busasamana,2101,ff6f2287-462b-441b-be6f-cee72d06ad14,NISR_Publisher,9/3/2024 9:20:26 AM,NISR_Publisher,9/3/2024 9:20:26 AM,300,0.00400159006765932,0.321567578119738
Southern Province,2,Nyanza,21,Busoro,2102,1decac16-6f54-40c6-a0cb-f3a075b75790,NISR_Publisher,9/3/2024 9:20:26 AM,NISR_Publisher,9/3/2024 9:20:26 AM,301,0.00597342851427385,0.38893685473917
Southern Province,2,Nyanza,21,Cyabakamyi,2103,fda06dcc-7870-4a0c-9d83-819caac66c80,NISR_Publisher,9/3/2024 9:20:26 AM,NISR_Publisher,9/3/2024 9:20:26 AM,302,0.00489497478830003,0.400161042109461
Southern Province,2,Nyanza,21,Kibilizi,2104,803a20f5-e456-4fda-868e-a887290dec81,NISR_Publisher,9/3/2024 9:20:26 AM,NISR_Publisher,9/3/2024 9:20:26 AM,303,0.00680479460346817,0.416629056729916
Southern Province,2,Nyanza,21,Kigoma,2105,c2560122-7c9b-4b29-93fd-4f30b9047a2b,NISR_Publisher,9/3/2024 9:20:26 AM,NISR_Publisher,9/3/2024 9:20:26 AM,304,0.00537568734943505,0.464519029246306
Southern Province,2,Nyanza,21,Mukingo,2106,2fc8a710-e8b7-4927-9b24-291871b3e3a3,NISR_Publisher,9/3/2024 9:20:26 AM,NISR_Publisher,9/3/2024 9:20:26 AM,305,0.00616370545798617,0.415924886422439
Southern Province,2,Nyanza,21,Muyira,2107,eff5ebf2-962a-493c-91ea-fb3daae12313,NISR_Publisher,9/3/2024 9:20:26 AM,NISR_Publisher,9/3/2024 9:20:26 AM,306,0.0065575502793962,0.400130555213702
Southern Province,2,Nyanza,21,Ntyazo,2108,bb51e7fc-ce80-40d9-b629-ed3be6de0a08,NISR_Publisher,9/3/2024 9:20:26 AM,NISR_Publisher,9/3/2024 9:20:26 AM,307,0.00508236854719968,0.480476772873612
Southern Province,2,Nyanza,21,Nyagisozi,2109,4b7cc235-f709-4944-8aaf-cb7633a0d0c8,NISR_Publisher,9/3/2024 9:20:26 AM,NISR_Publisher,9/3/2024 9:20:26 AM,308,0.005925480823052,0.447737996264336
Southern Province,2,Nyanza,21,Rwabicuma,2110,5245302c-d2fb-4395-aa2c-941657a42e3b,NISR_Publisher,9/3/2024 9:20:26 AM,NISR_Publisher,9/3/2024 9:20:26 AM,309,0.0038353755080891,0.351519917575793
City of Kigali,1,Nyarugenge,11,Gitega,1101,45afe21f-7fb2-48a1-bbff-b276a610fda9,NISR_Publisher,9/3/2024 9:20:26 AM,NISR_Publisher,9/3/2024 9:20:26 AM,310,9.59562596420938E-05,0.063417413996191
City of Kigali,1,Nyarugenge,11,Kanyinya,1102,351c0d0e-5979-4e44-895c-aae3c774f3cf,NISR_Publisher,9/3/2024 9:20:26 AM,NISR_Publisher,9/3/2024 9:20:26 AM,311,0.0019622597659108,0.337885814619221
City of Kigali,1,Nyarugenge,11,Kigali,1103,f7de21f5-038e-4ea7-a644-cea9ff7b94fa,NISR_Publisher,9/3/2024 9:20:26 AM,NISR_Publisher,9/3/2024 9:20:26 AM,312,0.00239159736068117,0.299197363420039
City of Kigali,1,Nyarugenge,11,Kimisagara,1104,2d045d18-52e8-4922-84c5-658d1ea0e145,NISR_Publisher,9/3/2024 9:20:26 AM,NISR_Publisher,9/3/2024 9:20:26 AM,313,0.000263888411751623,0.0753148186152558
City of Kigali,1,Nyarugenge,11,Mageregere,1105,27932fb6-0a5c-47f7-8549-461a9a68aaf0,NISR_Publisher,9/3/2024 9:20:26 AM,NISR_Publisher,9/3/2024 9:20:26 AM,314,0.0044335780745044,0.435781807946512
City of Kigali,1,Nyarugenge,11,Muhima,1106,a9788673-e6f1-4f95-aa27-3f2e0635cede,NISR_Publisher,9/3/2024 9:20:26 AM,NISR_Publisher,9/3/2024 9:20:26 AM,315,0.0002372333587779,0.0956313428829886
City of Kigali,1,Nyarugenge,11,Nyakabanda,1107,0d970384-a6c0-4c53-9ffd-c1b5c2c75de4,NISR_Publisher,9/3/2024 9:20:26 AM,NISR_Publisher,9/3/2024 9:20:26 AM,316,0.00019748262970154,0.0718418872580966
City of Kigali,1,Nyarugenge,11,Nyamirambo,1108,241c9552-835c-4470-89a6-0da9d12b3fa1,NISR_Publisher,9/3/2024 9:20:26 AM,NISR_Publisher,9/3/2024 9:20:26 AM,317,0.000711297075774553,0.136070563183988
City of Kigali,1,Nyarugenge,11,Nyarugenge,1109,9a35a629-3844-4f2b-a07e-0ea2acc57485,NISR_Publisher,9/3/2024 9:20:26 AM,NISR_Publisher,9/3/2024 9:20:26 AM,318,0.000376253243000946,0.0912630798110732
City of Kigali,1,Nyarugenge,11,Rwezamenyo,1110,362fe6c8-512f-4826-9172-5fa00cb986cc,NISR_Publisher,9/3/2024 9:20:26 AM,NISR_Publisher,9/3/2024 9:20:26 AM,319,8.29513276840999E-05,0.0508383567369099
Southern Province,2,Nyaruguru,23,Busanze,2301,5bc4c609-eb78-4697-9df2-5ebaa863bb3f,NISR_Publisher,9/3/2024 9:20:26 AM,NISR_Publisher,9/3/2024 9:20:26 AM,320,0.00575975088268876,0.387688144464509
Southern Province,2,Nyaruguru,23,Cyahinda,2302,07a287ac-1180-4544-b32a-15bd3ff3a44d,NISR_Publisher,9/3/2024 9:20:26 AM,NISR_Publisher,9/3/2024 9:20:26 AM,321,0.00432447279521853,0.424253483664751
Southern Province,2,Nyaruguru,23,Kibeho,2303,9df079ad-7a3e-41e9-930b-5df16ac457e8,NISR_Publisher,9/3/2024 9:20:26 AM,NISR_Publisher,9/3/2024 9:20:26 AM,322,0.00637718267397247,0.461273833643143
Southern Province,2,Nyaruguru,23,Kivu,2304,c9a05b67-470d-43c7-ac1f-ca236900bb50,NISR_Publisher,9/3/2024 9:20:26 AM,NISR_Publisher,9/3/2024 9:20:26 AM,323,0.0100837179245303,0.623496679479676
Southern Province,2,Nyaruguru,23,Mata,2305,1b78b1d4-91a7-42b7-addc-1f3f8a1ad544,NISR_Publisher,9/3/2024 9:20:26 AM,NISR_Publisher,9/3/2024 9:20:26 AM,324,0.00505381447159436,0.469557082413523
Southern Province,2,Nyaruguru,23,Muganza,2306,09d09262-de1e-432d-9907-ddd98ae14549,NISR_Publisher,9/3/2024 9:20:26 AM,NISR_Publisher,9/3/2024 9:20:26 AM,325,0.00743484172259912,0.568266489343165
Southern Province,2,Nyaruguru,23,Munini,2307,a0e9f203-b17d-4fe0-b5ee-6caff48aea0d,NISR_Publisher,9/3/2024 9:20:26 AM,NISR_Publisher,9/3/2024 9:20:26 AM,326,0.0038228446652937,0.391398085356103
Southern Province,2,Nyaruguru,23,Ngera,2308,4795b40e-7680-49cc-bc3c-d82a747f230f,NISR_Publisher,9/3/2024 9:20:26 AM,NISR_Publisher,9/3/2024 9:20:26 AM,327,0.00482867933782671,0.391631250293441
Southern Province,2,Nyaruguru,23,Ngoma,2309,022b8b62-76d1-4698-a9e4-7c0b849ea0cb,NISR_Publisher,9/3/2024 9:20:26 AM,NISR_Publisher,9/3/2024 9:20:26 AM,328,0.00384661808233489,0.336341392349799
Southern Province,2,Nyaruguru,23,Nyabimata,2310,a9dd08b3-b63c-4e26-8505-d34744106fa5,NISR_Publisher,9/3/2024 9:20:26 AM,NISR_Publisher,9/3/2024 9:20:26 AM,329,0.0103369534245061,0.631415183798209
Southern Province,2,Nyaruguru,23,Nyagisozi,2311,666f004f-cc78-493c-988b-67cf453b9c64,NISR_Publisher,9/3/2024 9:20:26 AM,NISR_Publisher,9/3/2024 9:20:26 AM,330,0.00285242388140716,0.271260601370474
Southern Province,2,Nyaruguru,23,Ruheru,2312,dfcd7e27-c307-4c88-b7e0-d102ff427ca7,NISR_Publisher,9/3/2024 9:20:26 AM,NISR_Publisher,9/3/2024 9:20:26 AM,331,0.00864717779984403,0.634263446221774
Southern Province,2,Nyaruguru,23,Ruramba,2313,14dd80b8-bb43-469e-9627-6e86f24ad482,NISR_Publisher,9/3/2024 9:20:26 AM,NISR_Publisher,9/3/2024 9:20:26 AM,332,0.00398731925264428,0.359503362051978
Southern Province,2,Nyaruguru,23,Rusenge,2314,e7c32355-6aa2-45f5-b289-d050b2ae2bce,NISR_Publisher,9/3/2024 9:20:26 AM,NISR_Publisher,9/3/2024 9:20:26 AM,333,0.0048672162088863,0.449487348264058
Western Province,3,Rubavu,33,Bugeshi,3301,39d647ae-8952-40b3-abe1-27bbb4bd051c,NISR_Publisher,9/3/2024 9:20:26 AM,NISR_Publisher,9/3/2024 9:20:26 AM,334,0.00251690158836837,0.261435027993268
Western Province,3,Rubavu,33,Busasamana,3302,c879bd93-313c-4531-b676-090b99fce04e,NISR_Publisher,9/3/2024 9:20:26 AM,NISR_Publisher,9/3/2024 9:20:26 AM,335,0.00287159639512069,0.28237585540924
Western Province,3,Rubavu,33,Cyanzarwe,3303,587155c8-7950-48ff-816d-492010f54fc4,NISR_Publisher,9/3/2024 9:20:26 AM,NISR_Publisher,9/3/2024 9:20:26 AM,336,0.00283785005727211,0.315936883515322
Western Province,3,Rubavu,33,Gisenyi,3304,205f7996-6b5e-4067-82a7-2223696ddd19,NISR_Publisher,9/3/2024 9:20:26 AM,NISR_Publisher,9/3/2024 9:20:26 AM,337,0.000904871005651842,0.179193018192032
Western Province,3,Rubavu,33,Kanama,3305,79b0bdb8-3cb5-4a71-b430-23bb15bc5b02,NISR_Publisher,9/3/2024 9:20:26 AM,NISR_Publisher,9/3/2024 9:20:26 AM,338,0.00347828812327577,0.338639843875185
Western Province,3,Rubavu,33,Kanzenze,3306,fb57c051-eae2-4b55-a3fd-a75f76e2b5a5,NISR_Publisher,9/3/2024 9:20:26 AM,NISR_Publisher,9/3/2024 9:20:26 AM,339,0.00184884754552428,0.245087388296376
Western Province,3,Rubavu,33,Mudende,3307,c80c84d1-0a29-4eda-bd92-3e4ab97bbc86,NISR_Publisher,9/3/2024 9:20:26 AM,NISR_Publisher,9/3/2024 9:20:26 AM,340,0.00269605996047062,0.256698380682309
Western Province,3,Rubavu,33,Nyakiriba,3308,9dc85908-11f0-4634-a1a7-f00bec0fe154,NISR_Publisher,9/3/2024 9:20:26 AM,NISR_Publisher,9/3/2024 9:20:26 AM,341,0.00177993214487771,0.19582266849185
Western Province,3,Rubavu,33,Nyamyumba,3309,54f7a247-1c2d-4249-a7ac-c5532fe7e100,NISR_Publisher,9/3/2024 9:20:26 AM,NISR_Publisher,9/3/2024 9:20:26 AM,342,0.00189898393716348,0.323416166393133
Western Province,3,Rubavu,33,Nyundo,3310,00429f53-a6bf-4275-9455-9d5a9c8d65b9,NISR_Publisher,9/3/2024 9:20:26 AM,NISR_Publisher,9/3/2024 9:20:26 AM,343,0.00256264700884756,0.2849016602789
Western Province,3,Rubavu,33,Rubavu,3311,c632b150-a7de-4d8f-888d-41248517b6d1,NISR_Publisher,9/3/2024 9:20:26 AM,NISR_Publisher,9/3/2024 9:20:26 AM,344,0.00207111294302109,0.323829357574873
Western Province,3,Rubavu,33,Rugerero,3312,da9d6eca-4b63-4ebd-9c4e-3835608f5972,NISR_Publisher,9/3/2024 9:20:26 AM,NISR_Publisher,9/3/2024 9:20:26 AM,345,0.00206564085239336,0.31247897032584
Southern Province,2,Ruhango,26,Bweramana,2601,9e47e814-231c-4aa4-aecb-dfd583e93eb8,NISR_Publisher,9/3/2024 9:20:26 AM,NISR_Publisher,9/3/2024 9:20:26 AM,346,0.00450886893503366,0.459150993033585
Southern Province,2,Ruhango,26,Byimana,2602,6d5945bb-65a3-4d1c-b8f9-7992844e82dd,NISR_Publisher,9/3/2024 9:20:26 AM,NISR_Publisher,9/3/2024 9:20:26 AM,347,0.00502478063376799,0.415479855634197
Southern Province,2,Ruhango,26,Kabagali,2603,0f415ed6-9347-49a9-9083-bcc17ecb1d2b,NISR_Publisher,9/3/2024 9:20:26 AM,NISR_Publisher,9/3/2024 9:20:26 AM,348,0.00489977574228817,0.38025118110752
Southern Province,2,Ruhango,26,Kinazi,2604,4f36ff02-a6f9-44b0-aef2-989aaeaacafc,NISR_Publisher,9/3/2024 9:20:26 AM,NISR_Publisher,9/3/2024 9:20:26 AM,349,0.00710470250034589,0.441165135204173
Southern Province,2,Ruhango,26,Kinihira,2605,ff0cda50-194e-4884-804c-89648a33ee9b,NISR_Publisher,9/3/2024 9:20:26 AM,NISR_Publisher,9/3/2024 9:20:26 AM,350,0.00489599300489729,0.428276892487942
Southern Province,2,Ruhango,26,Mbuye,2606,a2f08084-f00b-4f39-8c4c-208490662124,NISR_Publisher,9/3/2024 9:20:26 AM,NISR_Publisher,9/3/2024 9:20:26 AM,351,0.00627884451114369,0.402537702754411
Southern Province,2,Ruhango,26,Mwendo,2607,f4f4e191-4408-48eb-b542-c3224ef92e65,NISR_Publisher,9/3/2024 9:20:26 AM,NISR_Publisher,9/3/2024 9:20:26 AM,352,0.00456330805353033,0.452370989070377
Southern Province,2,Ruhango,26,Ntongwe,2608,74025fae-0cb4-4d18-aaff-5e1e20e72d66,NISR_Publisher,9/3/2024 9:20:26 AM,NISR_Publisher,9/3/2024 9:20:26 AM,353,0.00595474765982118,0.439391721576488
Southern Province,2,Ruhango,26,Ruhango,2609,c4c8f4b9-75d5-4a3e-b0c0-73189cf47f05,NISR_Publisher,9/3/2024 9:20:26 AM,NISR_Publisher,9/3/2024 9:20:26 AM,354,0.00768975545982897,0.461015060088216
Northern Province,4,Rulindo,41,Base,4101,9885963a-52c1-4364-b7f8-4f580279913e,NISR_Publisher,9/3/2024 9:20:26 AM,NISR_Publisher,9/3/2024 9:20:26 AM,355,0.00231059488544716,0.295345979218084
Northern Province,4,Rulindo,41,Burega,4102,ffe39586-fb33-42ee-9b1a-fdbe9f06e4a9,NISR_Publisher,9/3/2024 9:20:26 AM,NISR_Publisher,9/3/2024 9:20:26 AM,356,0.00263024417442992,0.264192559195871
Northern Province,4,Rulindo,41,Bushoki,4103,8d1f9416-9a3b-4d51-a362-6bd77929a518,NISR_Publisher,9/3/2024 9:20:26 AM,NISR_Publisher,9/3/2024 9:20:26 AM,357,0.00286026558086405,0.354425366321015
Northern Province,4,Rulindo,41,Buyoga,4104,a587e356-6242-4ffb-ac54-634028ce4bda,NISR_Publisher,9/3/2024 9:20:26 AM,NISR_Publisher,9/3/2024 9:20:26 AM,358,0.00435829131242471,0.409111091336229
Northern Province,4,Rulindo,41,Cyinzuzi,4105,7036ea95-a037-4baa-b671-a7653d4efdd3,NISR_Publisher,9/3/2024 9:20:26 AM,NISR_Publisher,9/3/2024 9:20:26 AM,359,0.00272398562234244,0.326134055884397
Northern Province,4,Rulindo,41,Cyungo,4106,cba0b1e9-0255-4219-8423-30e9ba93a99f,NISR_Publisher,9/3/2024 9:20:26 AM,NISR_Publisher,9/3/2024 9:20:26 AM,360,0.0016057998832153,0.242300462545373
Northern Province,4,Rulindo,41,Kinihira,4107,43c6ab94-77db-4327-89fd-7c86acac035d,NISR_Publisher,9/3/2024 9:20:26 AM,NISR_Publisher,9/3/2024 9:20:26 AM,361,0.00221375439187455,0.245446747813457
Northern Province,4,Rulindo,41,Kisaro,4108,fd772719-3b49-40df-bdd1-98652be62694,NISR_Publisher,9/3/2024 9:20:26 AM,NISR_Publisher,9/3/2024 9:20:26 AM,362,0.00308560458445228,0.280297339091181
Northern Province,4,Rulindo,41,Masoro,4109,0ca9d5a0-258b-489d-be8e-326e1f8cfe98,NISR_Publisher,9/3/2024 9:20:26 AM,NISR_Publisher,9/3/2024 9:20:26 AM,363,0.00241729182092598,0.273619639791517
Northern Province,4,Rulindo,41,Mbogo,4110,bc9501df-37d9-4825-b8b4-c13b1fcf791c,NISR_Publisher,9/3/2024 9:20:26 AM,NISR_Publisher,9/3/2024 9:20:26 AM,364,0.00334473592354811,0.337140914156971
Northern Province,4,Rulindo,41,Murambi,4111,1a50983f-db97-4d58-b03c-bb35f04cc6f4,NISR_Publisher,9/3/2024 9:20:26 AM,NISR_Publisher,9/3/2024 9:20:26 AM,365,0.00239632383096477,0.294852151063717
Northern Province,4,Rulindo,41,Ngoma,4112,910a0e56-01ff-4d37-b81d-780517fa2044,NISR_Publisher,9/3/2024 9:20:26 AM,NISR_Publisher,9/3/2024 9:20:26 AM,366,0.00255167967676684,0.28043323114705
Northern Province,4,Rulindo,41,Ntarabana,4113,2322c171-0e27-4352-9783-db95edbef978,NISR_Publisher,9/3/2024 9:20:26 AM,NISR_Publisher,9/3/2024 9:20:26 AM,367,0.00283926305139914,0.296701272489345
Northern Province,4,Rulindo,41,Rukozo,4114,aee73585-2a2a-4831-bc99-5cddfcedca38,NISR_Publisher,9/3/2024 9:20:26 AM,NISR_Publisher,9/3/2024 9:20:26 AM,368,0.0016428482305777,0.207739671961092
Northern Province,4,Rulindo,41,Rusiga,4115,6ff425e2-4541-4907-be33-74aed0935e8a,NISR_Publisher,9/3/2024 9:20:26 AM,NISR_Publisher,9/3/2024 9:20:26 AM,369,0.00254717108258617,0.364781266540538
Northern Province,4,Rulindo,41,Shyorongi,4116,e5bd35c9-707d-4222-a79f-e95516183c3f,NISR_Publisher,9/3/2024 9:20:26 AM,NISR_Publisher,9/3/2024 9:20:26 AM,370,0.00378418343901288,0.397756883594146
Northern Province,4,Rulindo,41,Tumba,4117,b56a21f6-d6b9-4523-94cd-eda0e517a856,NISR_Publisher,9/3/2024 9:20:26 AM,NISR_Publisher,9/3/2024 9:20:26 AM,371,0.002777192944869,0.287495207865176
Western Province,3,Rusizi,36,Bugarama,3601,d287f0b7-9cae-4039-904b-ce229e615e95,NISR_Publisher,9/3/2024 9:20:26 AM,NISR_Publisher,9/3/2024 9:20:26 AM,372,0.00196971350604258,0.252659932819204
Western Province,3,Rusizi,36,Butare,3602,6b4f8c66-e5bd-4bed-a013-13ad14f87c0a,NISR_Publisher,9/3/2024 9:20:26 AM,NISR_Publisher,9/3/2024 9:20:26 AM,373,0.0167918516397023,0.893683674326374
Western Province,3,Rusizi,36,Bweyeye,3603,64929edf-dd60-449d-a3c2-2f679b68fc43,NISR_Publisher,9/3/2024 9:20:26 AM,NISR_Publisher,9/3/2024 9:20:26 AM,374,0.0183965381672451,0.950978000664456
Western Province,3,Rusizi,36,Gashonga,3604,40a80963-41cd-4fc6-bfec-9e60c1e7ea7c,NISR_Publisher,9/3/2024 9:20:26 AM,NISR_Publisher,9/3/2024 9:20:26 AM,375,0.00371688506049139,0.360244839939965
Western Province,3,Rusizi,36,Giheke,3605,8607c1d5-b607-401b-aec3-d58718a70f52,NISR_Publisher,9/3/2024 9:20:26 AM,NISR_Publisher,9/3/2024 9:20:26 AM,376,0.00287770463157955,0.273161785197599
Western Province,3,Rusizi,36,Gihundwe,3606,c248b08d-d203-4ee3-8b01-5a88708500ea,NISR_Publisher,9/3/2024 9:20:26 AM,NISR_Publisher,9/3/2024 9:20:26 AM,377,0.00198069148711255,0.465725917330028
Western Province,3,Rusizi,36,Gikundamvura,3607,fbc4125d-7c2d-4256-b07a-3c6f4d56c145,NISR_Publisher,9/3/2024 9:20:26 AM,NISR_Publisher,9/3/2024 9:20:26 AM,378,0.00304055277882753,0.415339499059345
Western Province,3,Rusizi,36,Gitambi,3608,569b7cc2-31c9-4454-a7b2-13befba5319d,NISR_Publisher,9/3/2024 9:20:26 AM,NISR_Publisher,9/3/2024 9:20:26 AM,379,0.00249333293145781,0.298321663889256
Western Province,3,Rusizi,36,Kamembe,3609,14b81285-9e62-4095-9ffe-dbac2378a073,NISR_Publisher,9/3/2024 9:20:26 AM,NISR_Publisher,9/3/2024 9:20:26 AM,380,0.00117334653427292,0.251586572495359
Western Province,3,Rusizi,36,Muganza,3610,e6485145-bb14-4c43-b9f5-c4570747a726,NISR_Publisher,9/3/2024 9:20:26 AM,NISR_Publisher,9/3/2024 9:20:26 AM,381,0.00152672534249376,0.296964800915754
Western Province,3,Rusizi,36,Mururu,3611,fa082575-c1ce-44ae-9415-fc7a94a8c1c1,NISR_Publisher,9/3/2024 9:20:26 AM,NISR_Publisher,9/3/2024 9:20:26 AM,382,0.00269231864666608,0.345160332888867
Western Province,3,Rusizi,36,Nkanka,3612,ee18253b-7bd2-4ccf-8769-dc51ba8908ad,NISR_Publisher,9/3/2024 9:20:26 AM,NISR_Publisher,9/3/2024 9:20:26 AM,383,0.00165884251039472,0.334441513490709
Western Province,3,Rusizi,36,Nkombo,3613,7422b2c3-36f3-47ae-9007-aa2f5509dce9,NISR_Publisher,9/3/2024 9:20:26 AM,NISR_Publisher,9/3/2024 9:20:26 AM,384,0.000727875776362907,0.337679398294776
Western Province,3,Rusizi,36,Nkungu,3614,11d52ea3-5c89-4303-a771-613f30c458b4,NISR_Publisher,9/3/2024 9:20:26 AM,NISR_Publisher,9/3/2024 9:20:26 AM,385,0.00313830361827172,0.365295908479459
Western Province,3,Rusizi,36,Nyakabuye,3615,fa18f600-ac14-45a2-a7dd-c15e2844ebe1,NISR_Publisher,9/3/2024 9:20:26 AM,NISR_Publisher,9/3/2024 9:20:26 AM,386,0.00306591121100297,0.420581875554393
Western Province,3,Rusizi,36,Nyakarenzo,3616,ce2a2fcb-e547-46fb-9f7d-2be961966398,NISR_Publisher,9/3/2024 9:20:26 AM,NISR_Publisher,9/3/2024 9:20:26 AM,387,0.00256408670705355,0.317276983216429
Western Province,3,Rusizi,36,Nzahaha,3617,8ca1fb77-1d36-4b73-b415-209b89316a65,NISR_Publisher,9/3/2024 9:20:26 AM,NISR_Publisher,9/3/2024 9:20:26 AM,388,0.00483204869794207,0.395787766741254
Western Province,3,Rusizi,36,Rwimbogo,3618,8205d2b7-5502-4e69-956f-1a5b7473410b,NISR_Publisher,9/3/2024 9:20:26 AM,NISR_Publisher,9/3/2024 9:20:26 AM,389,0.00212108093580099,0.266430876599116
Western Province,3,Rutsiro,32,Boneza,3201,7e6db1e1-a838-40ec-9482-c3077a1fc314,NISR_Publisher,9/3/2024 9:20:26 AM,NISR_Publisher,9/3/2024 9:20:26 AM,390,0.0026683350444543,0.519798305314882
Western Province,3,Rutsiro,32,Gihango,3202,a37688ad-ec9f-4ebf-be1a-c4026e913031,NISR_Publisher,9/3/2024 9:20:26 AM,NISR_Publisher,9/3/2024 9:20:26 AM,391,0.00376544957618918,0.474843959449186
Western Province,3,Rutsiro,32,Kigeyo,3203,88c0b0fe-7ceb-4ce8-92d3-7fc4d27974a5,NISR_Publisher,9/3/2024 9:20:26 AM,NISR_Publisher,9/3/2024 9:20:26 AM,392,0.0030336631240786,0.4024943439575
Western Province,3,Rutsiro,32,Kivumu,3204,82cbb6f5-f029-4b5d-89bd-e861d7c1cd11,NISR_Publisher,9/3/2024 9:20:26 AM,NISR_Publisher,9/3/2024 9:20:26 AM,393,0.00235637133207334,0.377003599009236
Western Province,3,Rutsiro,32,Manihira,3205,1c4d8d56-f851-4e21-846a-15e6e980b166,NISR_Publisher,9/3/2024 9:20:26 AM,NISR_Publisher,9/3/2024 9:20:26 AM,394,0.0030077233946777,0.345282911279548
Western Province,3,Rutsiro,32,Mukura,3206,8ac9853a-362d-407f-9e25-0a70fcb1d557,NISR_Publisher,9/3/2024 9:20:26 AM,NISR_Publisher,9/3/2024 9:20:26 AM,395,0.0083347174142645,0.690794472289876
Western Province,3,Rutsiro,32,Murunda,3207,f9a11b32-0aef-4d4d-8af5-b575e8047cb5,NISR_Publisher,9/3/2024 9:20:26 AM,NISR_Publisher,9/3/2024 9:20:26 AM,396,0.00367580049316274,0.427633380098195
Western Province,3,Rutsiro,32,Musasa,3208,d775ba34-71c8-4ee6-a06f-a08d2d403ba9,NISR_Publisher,9/3/2024 9:20:26 AM,NISR_Publisher,9/3/2024 9:20:26 AM,397,0.00351570039838833,0.489830851375325
Western Province,3,Rutsiro,32,Mushonyi,3209,4751b36f-a60b-4dcd-a2cd-126dd71e68a0,NISR_Publisher,9/3/2024 9:20:26 AM,NISR_Publisher,9/3/2024 9:20:26 AM,398,0.00264344450017973,0.39029635311634
Western Province,3,Rutsiro,32,Mushubati,3210,9e3137bd-a783-4bb9-9427-c5afdc0222ad,NISR_Publisher,9/3/2024 9:20:26 AM,NISR_Publisher,9/3/2024 9:20:26 AM,399,0.0042224900394956,0.565864060414896
Western Province,3,Rutsiro,32,Nyabirasi,3211,737dd436-2650-4ca5-89fb-42556ca32d2b,NISR_Publisher,9/3/2024 9:20:26 AM,NISR_Publisher,9/3/2024 9:20:26 AM,400,0.00767484954653241,0.580527224820941
Western Province,3,Rutsiro,32,Ruhango,3212,39fedab1-1948-4439-a4a5-116eb4981455,NISR_Publisher,9/3/2024 9:20:26 AM,NISR_Publisher,9/3/2024 9:20:26 AM,401,0.00464660067176226,0.465686281084887
Western Province,3,Rutsiro,32,Rusebeya,3213,3118dcdd-4fb6-47f3-a87b-f6fce5920808,NISR_Publisher,9/3/2024 9:20:26 AM,NISR_Publisher,9/3/2024 9:20:26 AM,402,0.00425683579333125,0.482609570976828
Eastern Province,5,Rwamagana,51,Fumbwe,5101,2c058b06-9fec-4d23-a55d-0775d2b2cec2,NISR_Publisher,9/3/2024 9:20:26 AM,NISR_Publisher,9/3/2024 9:20:26 AM,403,0.00357125928308122,0.263263393445633
Eastern Province,5,Rwamagana,51,Gahengeri,5102,f4f33fb9-cffc-4a28-bcd2-5a40638bf619,NISR_Publisher,9/3/2024 9:20:26 AM,NISR_Publisher,9/3/2024 9:20:26 AM,404,0.00512577834134476,0.321935904170624
Eastern Province,5,Rwamagana,51,Gishali,5103,f83380b5-83ab-4a5c-bae4-a894ab20a815,NISR_Publisher,9/3/2024 9:20:26 AM,NISR_Publisher,9/3/2024 9:20:26 AM,405,0.00367587680997872,0.315444795670061
Eastern Province,5,Rwamagana,51,Karenge,5104,c4bc1da0-3b0b-4baa-b076-9611352db98d,NISR_Publisher,9/3/2024 9:20:26 AM,NISR_Publisher,9/3/2024 9:20:26 AM,406,0.00516090388950019,0.384638144402142
Eastern Province,5,Rwamagana,51,Kigabiro,5105,8d92402a-ff38-4f3a-be82-f584d339923c,NISR_Publisher,9/3/2024 9:20:26 AM,NISR_Publisher,9/3/2024 9:20:26 AM,407,0.00304067125281904,0.343149178816886
Eastern Province,5,Rwamagana,51,Muhazi,5106,1e5b0ce7-81cf-4245-8156-06898832bb84,NISR_Publisher,9/3/2024 9:20:26 AM,NISR_Publisher,9/3/2024 9:20:26 AM,408,0.0046821543257316,0.380566445153247
Eastern Province,5,Rwamagana,51,Munyaga,5107,0d98f222-fc70-4d9d-8a81-f90188b94c87,NISR_Publisher,9/3/2024 9:20:26 AM,NISR_Publisher,9/3/2024 9:20:26 AM,409,0.00337525312901121,0.266331688600672
Eastern Province,5,Rwamagana,51,Munyiginya,5108,69e811bc-337c-440a-a3be-44f4bb4a45a3,NISR_Publisher,9/3/2024 9:20:26 AM,NISR_Publisher,9/3/2024 9:20:26 AM,410,0.002598187533561,0.272345202620351
Eastern Province,5,Rwamagana,51,Musha,5109,7bd78c33-57b9-47dd-911d-666a2a16acb8,NISR_Publisher,9/3/2024 9:20:26 AM,NISR_Publisher,9/3/2024 9:20:26 AM,411,0.00365379157929624,0.267378268570783
Eastern Province,5,Rwamagana,51,Muyumbu,5110,1d24ed1c-2f90-4d67-b3bb-fc68c712626f,NISR_Publisher,9/3/2024 9:20:26 AM,NISR_Publisher,9/3/2024 9:20:26 AM,412,0.00408613354592191,0.285887349271009
Eastern Province,5,Rwamagana,51,Mwulire,5111,1f5fa0e8-b414-47bf-bef8-beebecbfca4a,NISR_Publisher,9/3/2024 9:20:26 AM,NISR_Publisher,9/3/2024 9:20:26 AM,413,0.00451034924863336,0.406689110773704
Eastern Province,5,Rwamagana,51,Nyakaliro,5112,a0691387-8b0d-4717-809c-5c0a4fc64d9f,NISR_Publisher,9/3/2024 9:20:26 AM,NISR_Publisher,9/3/2024 9:20:26 AM,414,0.00406079919070024,0.345636736552331
Eastern Province,5,Rwamagana,51,Nzige,5113,7a9ef22a-f23e-4dde-ac29-4ebd9ff8aca6,NISR_Publisher,9/3/2024 9:20:26 AM,NISR_Publisher,9/3/2024 9:20:26 AM,415,0.00324412986564226,0.29497109218565
Eastern Province,5,Rwamagana,51,Rubona,5114,297cb6ad-a10d-4a68-be11-c1266ee461f8,NISR_Publisher,9/3/2024 9:20:26 AM,NISR_Publisher,9/3/2024 9:20:26 AM,416,0.00453203143869274,0.302534539401786
